first row nr, abbadingo trace, state sequence, score sequence, alignment, num misaligned, nw-alignment, nw-score, norm-nw-score, nw-mismatches, sum scores, mean scores, min score,Column1,0.966650425
0," ""1 19 5 5 5 22 11 9 11 9 11 9 26 26 26 23 23 23 21 21 21"""," [1,4,10,18,29,50,88,147,232,345,482,645,820,1002,1314,1715,1715,1715,1715,1715]"," [-0.300465,-0.326728,-0.45995,0,-0.0441478,-0.00672026,-0.07675,-0.00316319,-0.167683,0,0,0,-0.000305951,-0.523554,0,0,-0.287682,-0.287682,-0.287682,-1.38629]"," [1,1,1,1,1,1,1,1,1,1,1,1,1,1,1,1,1,1,1,1]",0," [1,4,10,18,29,50,88,147,232,345,482,645,820,1002,1314,1715,1715,1715,1715,]",38,1,0,,-4.15881,-0.20794,-1.38629,
1," ""1 13 22 5 5 5 11 9 11 9 11 9 26 26 26"""," [2,7,14,24,42,75,88,147,232,345,482,645,820,820]"," [-1.35049,-0.000795229,0,-0.00159236,-1.2,0,-0.154151,-0.00316319,-0.167683,0,0,0,-0.000305951,-1.50576]"," [1,1,1,1,1,1,1,1,1,1,1,1,1,1]",0," [2,7,14,24,42,75,88,147,232,345,482,645,820,]",26,1,0,,-4.38393,-0.313138,-1.50576,
2," ""1 21 22 5 5 5 26 26 26 11 9 11 9 11 9 2 3 23 23 23 21 21 21"""," [2,7,14,24,44,81,139,222,335,472,635,809,987,987,987,820,1002,1314,1715,1715,1715,1715,1715]"," [-1.35049,-0.000795229,0,-0.00159236,-0.373318,-0.0844893,-0.172795,-0.00751318,-0.00909097,0,-0.00610689,-0.00306749,0,-1.74231,-1.28001,-1.28001,-0.523554,0,0,-0.287682,-0.287682,-0.287682,-1.38629]"," [1,1,1,1,1,1,1,1,1,1,1,1,1,1,1,0,1,1,1,1,1,1,1]",1," [2,7,14,24,44,81,139,222,335,472,635,809,987,987/+,987/+,987/+,987/+,987/+,1715/+|987/+,1715/+,1715,]",24,0.928571,8,,-9.08449,-0.394978,-1.74231,
3," ""1 13 22 5 5 5 11 9 11 9 11 9 26 26 26"""," [2,7,14,24,42,75,88,147,232,345,482,645,820,820]"," [-1.35049,-0.000795229,0,-0.00159236,-1.2,0,-0.154151,-0.00316319,-0.167683,0,0,0,-0.000305951,-1.50576]"," [1,1,1,1,1,1,1,1,1,1,1,1,1,1]",0," [2,7,14,24,42,75,88,147,232,345,482,645,820,]",26,1,0,,-4.38393,-0.313138,-1.50576,
4," ""1 31 22 5 5 5 26 26 26 11 9 11 9 11 9 4 3 3 3 4 3 4 3 3 4 3 3 23 23 23 21 21 21"""," [2,7,14,24,44,81,139,222,335,472,635,809,987,987,987,987,987,987,987,987,987,987,987,987,987,820,1002,1314,1715,1715,1715,1715,1715]"," [-1.35049,-0.000795229,0,-0.00159236,-0.373318,-0.0844893,-0.172795,-0.00751318,-0.00909097,0,-0.00610689,-0.00306749,0,-1.48808,-1.28001,-1.28001,-1.28001,-1.48808,-1.28001,-1.48808,-1.28001,-1.28001,-1.48808,-1.28001,-1.28001,-1.28001,-0.523554,0,0,-0.287682,-0.287682,-0.287682,-1.38629]"," [1,1,1,1,1,1,1,1,1,1,1,1,1,1,1,1,1,1,1,1,1,1,1,1,1,0,1,1,1,1,1,1,1]",1," [2,7,14,24,44,81,139,222,335,472,635,809,987,987/+,987/+,987/+,987/+,987/+,987/+,987/+,987/+,987/+,987/+,987/+,987/+,987/+,987/+,987/+,1715/+|987/+,1715/+,1715,]",14,0.870968,18,,-22.2546,-0.674381,-1.48808,
5," ""1 31 22 5 5 5 26 26 26 11 9 11 9 11 9 3 3 4 3 4 3 3 3 4 4 3 3 23 23 23 21 21 21"""," [2,7,14,24,44,81,139,222,335,472,635,809,987,987,987,987,987,987,987,987,987,987,987,987,987,820,1002,1314,1715,1715,1715,1715,1715]"," [-1.35049,-0.000795229,0,-0.00159236,-0.373318,-0.0844893,-0.172795,-0.00751318,-0.00909097,0,-0.00610689,-0.00306749,0,-1.28001,-1.28001,-1.48808,-1.28001,-1.48808,-1.28001,-1.28001,-1.28001,-1.48808,-1.48808,-1.28001,-1.28001,-1.28001,-0.523554,0,0,-0.287682,-0.287682,-0.287682,-1.38629]"," [1,1,1,1,1,1,1,1,1,1,1,1,1,1,1,1,1,1,1,1,1,1,1,1,1,0,1,1,1,1,1,1,1]",1," [2,7,14,24,44,81,139,222,335,472,635,809,987,987/+,987/+,987/+,987/+,987/+,987/+,987/+,987/+,987/+,987/+,987/+,987/+,987/+,987/+,987/+,1715/+|987/+,1715/+,1715,]",14,0.870968,18,,-22.2546,-0.674381,-1.48808,
6," ""1 19 5 22 5 5 26 26 11 9 11 9 11 9 26 23 23 23 21 21 21"""," [1,5,12,18,24,44,81,81,81,81,81,348,485,645,820,1002,1314,1715,1715,1715,1715,1715]"," [-0.300465,-1.28054,0,-0.00153571,-inf,-0.373318,-0.0844893,-1.9064,-4.59764,-1.9064,-4.59764,-4.59764,-0.236863,0,-0.000305951,-0.523554,0,0,-0.287682,-0.287682,-0.287682,-1.38629]"," [1,1,1,1,0,1,1,1,1,1,1,0,1,1,1,1,1,1,1,1,1,1]",2," [1,5,12,18,18/+,348/+|81/+,485/+,645,472/+,635,809,987,482/+,1002/+,1314,1715,1715,1715,1715,]",30,0.964912,7,, -inf, -inf, -inf,
7," ""1 23 22 5 5 5 26 26 26 11 9 11 9 11 9 4 4 3 2 23 23 23 21 21 21"""," [2,7,14,24,44,81,139,222,335,472,635,809,987,987,987,987,987,820,1002,1314,1715,1715,1715,1715,1715]"," [-1.35049,-0.000795229,0,-0.00159236,-0.373318,-0.0844893,-0.172795,-0.00751318,-0.00909097,0,-0.00610689,-0.00306749,0,-1.48808,-1.48808,-1.28001,-1.74231,-1.74231,-0.523554,0,0,-0.287682,-0.287682,-0.287682,-1.38629]"," [1,1,1,1,1,1,1,1,1,1,1,1,1,1,1,1,1,0,1,1,1,1,1,1,1]",1," [2,7,14,24,44,81,139,222,335,472,635,809,987,987/+,987/+,987/+,987/+,987/+,987/+,987/+,1715/+|987/+,1715/+,1715,]",22,0.913043,10,,-12.5229,-0.500918,-1.74231,
8," ""1 19 5 22 5 5 11 9 11 9 11 9 26 26 26 23 23 23 21 21 21"""," [1,5,12,18,29,50,88,147,232,345,482,645,820,1002,1314,1715,1715,1715,1715,1715]"," [-0.300465,-1.28054,0,-0.00153571,-0.0441478,-0.00672026,-0.07675,-0.00316319,-0.167683,0,0,0,-0.000305951,-0.523554,0,0,-0.287682,-0.287682,-0.287682,-1.38629]"," [1,1,1,1,1,1,1,1,1,1,1,1,1,1,1,1,1,1,1,1]",0," [1,5,12,18,29,50,88,147,232,345,482,645,820,1002,1314,1715,1715,1715,1715,]",38,1,0,,-4.65421,-0.23271,-1.38629,
9," ""1 19 5 5 5 22 11 9 11 9 11 9 26 26 26 23 23 23 21 21 21"""," [1,4,10,18,29,50,88,147,232,345,482,645,820,1002,1314,1715,1715,1715,1715,1715]"," [-0.300465,-0.326728,-0.45995,0,-0.0441478,-0.00672026,-0.07675,-0.00316319,-0.167683,0,0,0,-0.000305951,-0.523554,0,0,-0.287682,-0.287682,-0.287682,-1.38629]"," [1,1,1,1,1,1,1,1,1,1,1,1,1,1,1,1,1,1,1,1]",0," [1,4,10,18,29,50,88,147,232,345,482,645,820,1002,1314,1715,1715,1715,1715,]",38,1,0,,-4.15881,-0.20794,-1.38629,
10," ""1 25 5 22 5 5 11 9 11 9 11 9 26 26 26 3 3 4 3 3 4 23 23 23 21 21 21"""," [1,5,12,18,29,50,88,147,232,345,482,645,820,820,820,820,820,820,820,1002,1314,1715,1715,1715,1715,1715]"," [-0.300465,-1.28054,0,-0.00153571,-0.0441478,-0.00672026,-0.07675,-0.00316319,-0.167683,0,0,0,-0.000305951,-2.77381,-2.77381,-2.81893,-2.77381,-2.77381,-2.81893,-0.523554,0,0,-0.287682,-0.287682,-0.287682,-1.38629]"," [1,1,1,1,1,1,1,1,1,1,1,1,1,1,1,1,1,1,1,1,1,1,1,1,1,1]",0," [1,5,12,18,29,50,88,147,232,345,482,645,820,820/+,820/+,820/+,820/+,820/+,820/+,1002,1314,1715,1715,1715,1715,]",32,0.94,6,,-21.3873,-0.82259,-2.81893,
11," ""1 19 5 5 5 22 11 9 11 9 11 9 26 26 26 23 23 23 21 21 21"""," [1,4,10,18,29,50,88,147,232,345,482,645,820,1002,1314,1715,1715,1715,1715,1715]"," [-0.300465,-0.326728,-0.45995,0,-0.0441478,-0.00672026,-0.07675,-0.00316319,-0.167683,0,0,0,-0.000305951,-0.523554,0,0,-0.287682,-0.287682,-0.287682,-1.38629]"," [1,1,1,1,1,1,1,1,1,1,1,1,1,1,1,1,1,1,1,1]",0," [1,4,10,18,29,50,88,147,232,345,482,645,820,1002,1314,1715,1715,1715,1715,]",38,1,0,,-4.15881,-0.20794,-1.38629,
12," ""1 19 5 5 22 5 11 9 26 26 11 9 11 9 26 23 23 23 21 21 21"""," [1,4,12,18,29,50,24,44,81,81,81,348,485,645,820,1002,1314,1715,1715,1715,1715,1715]"," [-0.300465,-0.326728,-0.997813,-0.00153571,-0.0441478,-0.00672026,-4.70077,-0.373318,-0.0844893,-1.9064,-4.59764,-4.59764,-0.236863,0,-0.000305951,-0.523554,0,0,-0.287682,-0.287682,-0.287682,-1.38629]"," [1,1,1,1,1,1,0,1,1,1,1,0,1,1,1,1,1,1,1,1,1,1]",2," [1,4,12,18,29,50,234/+,348,485,645,645/+,345/+,482,1002/+,1314,1715,1715,1715,1715,]",30,0.964912,4,,-20.9477,-0.95217,-4.70077,
13," ""1 22 22 5 5 5 26 26 26 11 9 11 9 11 9 4 3 4 23 23 23 21 21 21"""," [2,7,14,24,44,81,139,222,335,472,635,809,987,987,987,987,820,1002,1314,1715,1715,1715,1715,1715]"," [-1.35049,-0.000795229,0,-0.00159236,-0.373318,-0.0844893,-0.172795,-0.00751318,-0.00909097,0,-0.00610689,-0.00306749,0,-1.48808,-1.28001,-1.48808,-1.48808,-0.523554,0,0,-0.287682,-0.287682,-0.287682,-1.38629]"," [1,1,1,1,1,1,1,1,1,1,1,1,1,1,1,1,0,1,1,1,1,1,1,1]",1," [2,7,14,24,44,81,139,222,335,472,635,809,987,987/+,987/+,987/+,987/+,987/+,987/+,1715/+|987/+,1715/+,1715,]",23,0.920455,9,,-10.5264,-0.4386,-1.48808,
14," ""1 19 5 22 5 5 11 9 11 9 11 9 26 26 26 23 23 23 21 21 21"""," [1,5,12,18,29,50,88,147,232,345,482,645,820,1002,1314,1715,1715,1715,1715,1715]"," [-0.300465,-1.28054,0,-0.00153571,-0.0441478,-0.00672026,-0.07675,-0.00316319,-0.167683,0,0,0,-0.000305951,-0.523554,0,0,-0.287682,-0.287682,-0.287682,-1.38629]"," [1,1,1,1,1,1,1,1,1,1,1,1,1,1,1,1,1,1,1,1]",0," [1,5,12,18,29,50,88,147,232,345,482,645,820,1002,1314,1715,1715,1715,1715,]",38,1,0,,-4.65421,-0.23271,-1.38629,
15," ""1 19 5 22 5 5 11 9 11 9 11 9 26 26 26 23 23 23 21 21 21"""," [1,5,12,18,29,50,88,147,232,345,482,645,820,1002,1314,1715,1715,1715,1715,1715]"," [-0.300465,-1.28054,0,-0.00153571,-0.0441478,-0.00672026,-0.07675,-0.00316319,-0.167683,0,0,0,-0.000305951,-0.523554,0,0,-0.287682,-0.287682,-0.287682,-1.38629]"," [1,1,1,1,1,1,1,1,1,1,1,1,1,1,1,1,1,1,1,1]",0," [1,5,12,18,29,50,88,147,232,345,482,645,820,1002,1314,1715,1715,1715,1715,]",38,1,0,,-4.65421,-0.23271,-1.38629,
16," ""1 19 5 5 22 5 11 9 11 9 11 9 26 26 26 23 23 23 21 21 21"""," [1,4,12,18,29,50,88,147,232,345,482,645,820,1002,1314,1715,1715,1715,1715,1715]"," [-0.300465,-0.326728,-0.997813,-0.00153571,-0.0441478,-0.00672026,-0.07675,-0.00316319,-0.167683,0,0,0,-0.000305951,-0.523554,0,0,-0.287682,-0.287682,-0.287682,-1.38629]"," [1,1,1,1,1,1,1,1,1,1,1,1,1,1,1,1,1,1,1,1]",0," [1,4,12,18,29,50,88,147,232,345,482,645,820,1002,1314,1715,1715,1715,1715,]",38,1,0,,-4.69821,-0.23491,-1.38629,
17," ""1 19 5 5 5 22 11 9 11 9 11 9 26 26 26 23 23 23 21 21 21"""," [1,4,10,18,29,50,88,147,232,345,482,645,820,1002,1314,1715,1715,1715,1715,1715]"," [-0.300465,-0.326728,-0.45995,0,-0.0441478,-0.00672026,-0.07675,-0.00316319,-0.167683,0,0,0,-0.000305951,-0.523554,0,0,-0.287682,-0.287682,-0.287682,-1.38629]"," [1,1,1,1,1,1,1,1,1,1,1,1,1,1,1,1,1,1,1,1]",0," [1,4,10,18,29,50,88,147,232,345,482,645,820,1002,1314,1715,1715,1715,1715,]",38,1,0,,-4.15881,-0.20794,-1.38629,
18," ""1 19 5 5 5 22 11 9 11 9 11 9 26 26 26 23 23 23 21 21 21"""," [1,4,10,18,29,50,88,147,232,345,482,645,820,1002,1314,1715,1715,1715,1715,1715]"," [-0.300465,-0.326728,-0.45995,0,-0.0441478,-0.00672026,-0.07675,-0.00316319,-0.167683,0,0,0,-0.000305951,-0.523554,0,0,-0.287682,-0.287682,-0.287682,-1.38629]"," [1,1,1,1,1,1,1,1,1,1,1,1,1,1,1,1,1,1,1,1]",0," [1,4,10,18,29,50,88,147,232,345,482,645,820,1002,1314,1715,1715,1715,1715,]",38,1,0,,-4.15881,-0.20794,-1.38629,
19," ""1 19 5 5 5 22 11 9 11 9 26 26 11 9 26 23 23 23 21 21 21"""," [1,4,10,18,29,50,88,147,234,348,485,645,820,1002,1314,1715,1715,1715,1715,1715]"," [-0.300465,-0.326728,-0.45995,0,-0.0441478,-0.00672026,-0.07675,-0.00316319,-1.89482,-0.212662,-0.236863,0,-0.000305951,-0.523554,0,0,-0.287682,-0.287682,-0.287682,-1.38629]"," [1,1,1,1,1,1,1,1,1,1,1,1,1,1,1,1,1,1,1,1]",0," [1,4,10,18,29,50,88,147,234,348,485,645,820,1002,1314,1715,1715,1715,1715,]",38,1,0,,-6.33547,-0.316773,-1.89482,
20," ""1 25 5 5 5 22 11 9 11 9 11 9 26 26 26 3 3 4 3 3 4 23 23 23 21 21 21"""," [1,4,10,18,29,50,88,147,232,345,482,645,820,820,820,820,820,820,820,1002,1314,1715,1715,1715,1715,1715]"," [-0.300465,-0.326728,-0.45995,0,-0.0441478,-0.00672026,-0.07675,-0.00316319,-0.167683,0,0,0,-0.000305951,-2.77381,-2.77381,-2.81893,-2.77381,-2.77381,-2.81893,-0.523554,0,0,-0.287682,-0.287682,-0.287682,-1.38629]"," [1,1,1,1,1,1,1,1,1,1,1,1,1,1,1,1,1,1,1,1,1,1,1,1,1,1]",0," [1,4,10,18,29,50,88,147,232,345,482,645,820,820/+,820/+,820/+,820/+,820/+,820/+,1002,1314,1715,1715,1715,1715,]",32,0.94,6,,-20.8919,-0.803536,-2.81893,
21," ""1 19 5 22 5 5 11 9 11 9 11 9 26 26 26 23 23 23 21 21 21"""," [1,5,12,18,29,50,88,147,232,345,482,645,820,1002,1314,1715,1715,1715,1715,1715]"," [-0.300465,-1.28054,0,-0.00153571,-0.0441478,-0.00672026,-0.07675,-0.00316319,-0.167683,0,0,0,-0.000305951,-0.523554,0,0,-0.287682,-0.287682,-0.287682,-1.38629]"," [1,1,1,1,1,1,1,1,1,1,1,1,1,1,1,1,1,1,1,1]",0," [1,5,12,18,29,50,88,147,232,345,482,645,820,1002,1314,1715,1715,1715,1715,]",38,1,0,,-4.65421,-0.23271,-1.38629,
22," ""1 19 5 5 5 22 11 9 11 9 11 9 26 26 26 23 23 23 21 21 21"""," [1,4,10,18,29,50,88,147,232,345,482,645,820,1002,1314,1715,1715,1715,1715,1715]"," [-0.300465,-0.326728,-0.45995,0,-0.0441478,-0.00672026,-0.07675,-0.00316319,-0.167683,0,0,0,-0.000305951,-0.523554,0,0,-0.287682,-0.287682,-0.287682,-1.38629]"," [1,1,1,1,1,1,1,1,1,1,1,1,1,1,1,1,1,1,1,1]",0," [1,4,10,18,29,50,88,147,232,345,482,645,820,1002,1314,1715,1715,1715,1715,]",38,1,0,,-4.15881,-0.20794,-1.38629,
23," ""1 19 5 5 5 22 11 9 11 9 11 9 26 26 26 23 23 23 21 21 21"""," [1,4,10,18,29,50,88,147,232,345,482,645,820,1002,1314,1715,1715,1715,1715,1715]"," [-0.300465,-0.326728,-0.45995,0,-0.0441478,-0.00672026,-0.07675,-0.00316319,-0.167683,0,0,0,-0.000305951,-0.523554,0,0,-0.287682,-0.287682,-0.287682,-1.38629]"," [1,1,1,1,1,1,1,1,1,1,1,1,1,1,1,1,1,1,1,1]",0," [1,4,10,18,29,50,88,147,232,345,482,645,820,1002,1314,1715,1715,1715,1715,]",38,1,0,,-4.15881,-0.20794,-1.38629,
24," ""1 13 5 5 22 5 11 9 26 26 11 9 11 9 26"""," [1,4,12,18,29,50,24,44,81,81,81,348,485,645,820,820]"," [-0.300465,-0.326728,-0.997813,-0.00153571,-0.0441478,-0.00672026,-4.70077,-0.373318,-0.0844893,-1.9064,-4.59764,-4.59764,-0.236863,0,-0.000305951,-1.50576]"," [1,1,1,1,1,1,0,1,1,1,1,0,1,1,1,1]",2," [1,4,12,18,29,50,234/+,348,485,645,645/+,345/+,482,]",0,0,3,,-19.6806,-1.23004,-4.70077,
25," ""1 19 5 5 5 22 11 9 11 9 11 9 26 26 26 23 23 23 21 21 21"""," [1,4,10,18,29,50,88,147,232,345,482,645,820,1002,1314,1715,1715,1715,1715,1715]"," [-0.300465,-0.326728,-0.45995,0,-0.0441478,-0.00672026,-0.07675,-0.00316319,-0.167683,0,0,0,-0.000305951,-0.523554,0,0,-0.287682,-0.287682,-0.287682,-1.38629]"," [1,1,1,1,1,1,1,1,1,1,1,1,1,1,1,1,1,1,1,1]",0," [1,4,10,18,29,50,88,147,232,345,482,645,820,1002,1314,1715,1715,1715,1715,]",38,1,0,,-4.15881,-0.20794,-1.38629,
26," ""1 19 22 5 5 5 11 9 11 9 11 9 26 26 26 23 23 23 21 21 21"""," [2,7,14,24,42,75,88,147,232,345,482,645,820,1002,1314,1715,1715,1715,1715,1715]"," [-1.35049,-0.000795229,0,-0.00159236,-1.2,0,-0.154151,-0.00316319,-0.167683,0,0,0,-0.000305951,-0.523554,0,0,-0.287682,-0.287682,-0.287682,-1.38629]"," [1,1,1,1,1,1,1,1,1,1,1,1,1,1,1,1,1,1,1,1]",0," [2,7,14,24,42,75,88,147,232,345,482,645,820,1002,1314,1715,1715,1715,1715,]",38,1,0,,-5.65107,-0.282553,-1.38629,
27," ""1 25 5 22 5 5 11 9 11 9 11 9 26 26 26 3 4 3 3 3 4 23 23 23 21 21 21"""," [1,5,12,18,29,50,88,147,232,345,482,645,820,820,820,820,820,820,820,1002,1314,1715,1715,1715,1715,1715]"," [-0.300465,-1.28054,0,-0.00153571,-0.0441478,-0.00672026,-0.07675,-0.00316319,-0.167683,0,0,0,-0.000305951,-2.77381,-2.81893,-2.77381,-2.77381,-2.77381,-2.81893,-0.523554,0,0,-0.287682,-0.287682,-0.287682,-1.38629]"," [1,1,1,1,1,1,1,1,1,1,1,1,1,1,1,1,1,1,1,1,1,1,1,1,1,1]",0," [1,5,12,18,29,50,88,147,232,345,482,645,820,820/+,820/+,820/+,820/+,820/+,820/+,1002,1314,1715,1715,1715,1715,]",32,0.94,6,,-21.3873,-0.82259,-2.81893,
28," ""1 19 5 5 5 22 11 9 11 9 11 9 26 26 26 23 23 23 21 21 21"""," [1,4,10,18,29,50,88,147,232,345,482,645,820,1002,1314,1715,1715,1715,1715,1715]"," [-0.300465,-0.326728,-0.45995,0,-0.0441478,-0.00672026,-0.07675,-0.00316319,-0.167683,0,0,0,-0.000305951,-0.523554,0,0,-0.287682,-0.287682,-0.287682,-1.38629]"," [1,1,1,1,1,1,1,1,1,1,1,1,1,1,1,1,1,1,1,1]",0," [1,4,10,18,29,50,88,147,232,345,482,645,820,1002,1314,1715,1715,1715,1715,]",38,1,0,,-4.15881,-0.20794,-1.38629,
29," ""1 31 22 5 5 5 26 11 9 26 26 11 9 11 9 3 4 3 3 3 4 4 3 3 4 3 3 23 23 23 21 21 21"""," [2,7,14,24,44,24,42,75,24,44,81,81,81,81,809,987,987,987,987,987,987,987,987,987,987,987,987,987,820,1002,1314,1715,1715,1715,1715,1715]"," [-1.35049,-0.000795229,0,-0.00159236,-0.373318,-0.0844893,-1.2,0,-3.98898,-0.373318,-0.0844893,-1.9064,-4.59764,-1.9064,-1.9064,0,-1.28001,-1.48808,-1.28001,-1.28001,-1.28001,-1.48808,-1.48808,-1.28001,-1.28001,-1.48808,-1.28001,-1.28001,-1.28001,-0.523554,0,0,-0.287682,-0.287682,-0.287682,-1.38629]"," [1,1,1,1,1,0,1,1,0,1,1,1,1,1,0,1,1,1,1,1,1,1,1,1,1,1,1,1,0,1,1,1,1,1,1,1]",4," [2,7,14,24,44,222/+,335,820/+|335/+|234/+,348,485,645,472/+,635,635/+,635/+,635/+,635/+,635/+,635/+,635/+,635/+,635/+,635/+,635/+,635/+,635/+,1314/+|635/+,1715/+,1715,1715,1715,]",14,0.870968,21,,-38.0196,-1.0561,-4.59764,
30," ""1 13 5 5 22 5 11 9 11 9 11 9 26 26 26"""," [1,4,12,18,29,50,88,147,232,345,482,645,820,820]"," [-0.300465,-0.326728,-0.997813,-0.00153571,-0.0441478,-0.00672026,-0.07675,-0.00316319,-0.167683,0,0,0,-0.000305951,-1.50576]"," [1,1,1,1,1,1,1,1,1,1,1,1,1,1]",0," [1,4,12,18,29,50,88,147,232,345,482,645,820,]",26,1,0,,-3.43107,-0.245077,-1.50576,
31," ""1 13 5 22 5 5 11 9 11 9 26 26 11 9 26"""," [1,5,12,18,29,50,88,147,234,348,485,645,820,820]"," [-0.300465,-1.28054,0,-0.00153571,-0.0441478,-0.00672026,-0.07675,-0.00316319,-1.89482,-0.212662,-0.236863,0,-0.000305951,-1.50576]"," [1,1,1,1,1,1,1,1,1,1,1,1,1,1]",0," [1,5,12,18,29,50,88,147,234,348,485,645,820,]",26,1,0,,-5.56374,-0.39741,-1.89482,
32," ""1 23 5 5 5 22 11 9 11 9 11 9 26 26 26 4 3 4 2 23 23 23 21 21 21"""," [1,4,10,18,29,50,88,147,232,345,482,645,820,820,820,820,820,1002,1314,1715,1715,1715,1715,1715]"," [-0.300465,-0.326728,-0.45995,0,-0.0441478,-0.00672026,-0.07675,-0.00316319,-0.167683,0,0,0,-0.000305951,-2.81893,-2.77381,-2.81893,-2.83444,-0.523554,0,0,-0.287682,-0.287682,-0.287682,-1.38629]"," [1,1,1,1,1,1,1,1,1,1,1,1,1,1,1,1,1,1,1,1,1,1,1,1]",0," [1,4,10,18,29,50,88,147,232,345,482,645,820,820/+,820/+,820/+,820/+,1002,1314,1715,1715,1715,1715,]",34,0.956522,4,,-15.4049,-0.641872,-2.83444,
33," ""1 19 5 5 5 22 11 9 11 9 11 9 26 26 26 23 23 23 21 21 21"""," [1,4,10,18,29,50,88,147,232,345,482,645,820,1002,1314,1715,1715,1715,1715,1715]"," [-0.300465,-0.326728,-0.45995,0,-0.0441478,-0.00672026,-0.07675,-0.00316319,-0.167683,0,0,0,-0.000305951,-0.523554,0,0,-0.287682,-0.287682,-0.287682,-1.38629]"," [1,1,1,1,1,1,1,1,1,1,1,1,1,1,1,1,1,1,1,1]",0," [1,4,10,18,29,50,88,147,232,345,482,645,820,1002,1314,1715,1715,1715,1715,]",38,1,0,,-4.15881,-0.20794,-1.38629,
34," ""1 19 22 5 5 5 26 26 26 11 9 11 9 11 9 23 23 23 21 21 21"""," [2,7,14,24,44,81,139,222,335,472,635,809,987,820,1002,1314,1715,1715,1715,1715,1715]"," [-1.35049,-0.000795229,0,-0.00159236,-0.373318,-0.0844893,-0.172795,-0.00751318,-0.00909097,0,-0.00610689,-0.00306749,0,-inf,-0.523554,0,0,-0.287682,-0.287682,-0.287682,-1.38629]"," [1,1,1,1,1,1,1,1,1,1,1,1,1,0,1,1,1,1,1,1,1]",1," [2,7,14,24,44,81,139,222,335,472,635,809,987,987/+,987/+,987/+,1715/+|987/+,1715/+,1715,]",26,0.947368,6,, -inf, -inf, -inf,
35," ""1 19 5 22 5 5 11 9 26 11 9 11 9 26 26 23 23 23 21 21 21""", [], [], [],0," [1,5,12,18,29,50,234/+,485/+|88/+,645/+|147/+,232,345,482,645,1002/+,1314,1715,1715,1715,1715,]",34,0.982456,6,0,0,0,,
36," ""1 19 5 5 22 5 11 9 11 9 11 9 26 26 26 23 23 23 21 21 21"""," [1,4,12,18,29,50,88,147,232,345,482,645,820,1002,1314,1715,1715,1715,1715,1715]"," [-0.300465,-0.326728,-0.997813,-0.00153571,-0.0441478,-0.00672026,-0.07675,-0.00316319,-0.167683,0,0,0,-0.000305951,-0.523554,0,0,-0.287682,-0.287682,-0.287682,-1.38629]"," [1,1,1,1,1,1,1,1,1,1,1,1,1,1,1,1,1,1,1,1]",0," [1,4,12,18,29,50,88,147,232,345,482,645,820,1002,1314,1715,1715,1715,1715,]",38,1,0,,-4.69821,-0.23491,-1.38629,
37," ""1 22 22 5 5 5 26 26 26 11 9 11 9 11 9 3 2 2 23 23 23 21 21 21"""," [2,7,14,24,44,81,139,222,335,472,635,809,987,987,987,987,820,1002,1314,1715,1715,1715,1715,1715]"," [-1.35049,-0.000795229,0,-0.00159236,-0.373318,-0.0844893,-0.172795,-0.00751318,-0.00909097,0,-0.00610689,-0.00306749,0,-1.28001,-1.74231,-1.74231,-1.74231,-0.523554,0,0,-0.287682,-0.287682,-0.287682,-1.38629]"," [1,1,1,1,1,1,1,1,1,1,1,1,1,1,1,1,0,1,1,1,1,1,1,1]",1," [2,7,14,24,44,81,139,222,335,472,635,809,987,987/+,987/+,987/+,987/+,987/+,987/+,1715/+|987/+,1715/+,1715,]",23,0.920455,9,,-11.2891,-0.470379,-1.74231,
38," ""1 19 5 22 5 5 11 9 11 9 11 9 26 26 26 23 23 23 21 21 21"""," [1,5,12,18,29,50,88,147,232,345,482,645,820,1002,1314,1715,1715,1715,1715,1715]"," [-0.300465,-1.28054,0,-0.00153571,-0.0441478,-0.00672026,-0.07675,-0.00316319,-0.167683,0,0,0,-0.000305951,-0.523554,0,0,-0.287682,-0.287682,-0.287682,-1.38629]"," [1,1,1,1,1,1,1,1,1,1,1,1,1,1,1,1,1,1,1,1]",0," [1,5,12,18,29,50,88,147,232,345,482,645,820,1002,1314,1715,1715,1715,1715,]",38,1,0,,-4.65421,-0.23271,-1.38629,
39," ""1 19 5 5 5 22 11 9 11 9 11 9 26 26 26 23 23 23 21 21 21"""," [1,4,10,18,29,50,88,147,232,345,482,645,820,1002,1314,1715,1715,1715,1715,1715]"," [-0.300465,-0.326728,-0.45995,0,-0.0441478,-0.00672026,-0.07675,-0.00316319,-0.167683,0,0,0,-0.000305951,-0.523554,0,0,-0.287682,-0.287682,-0.287682,-1.38629]"," [1,1,1,1,1,1,1,1,1,1,1,1,1,1,1,1,1,1,1,1]",0," [1,4,10,18,29,50,88,147,232,345,482,645,820,1002,1314,1715,1715,1715,1715,]",38,1,0,,-4.15881,-0.20794,-1.38629,
40," ""1 13 5 22 5 5 11 9 11 9 11 9 26 26 26"""," [1,5,12,18,29,50,88,147,232,345,482,645,820,820]"," [-0.300465,-1.28054,0,-0.00153571,-0.0441478,-0.00672026,-0.07675,-0.00316319,-0.167683,0,0,0,-0.000305951,-1.50576]"," [1,1,1,1,1,1,1,1,1,1,1,1,1,1]",0," [1,5,12,18,29,50,88,147,232,345,482,645,820,]",26,1,0,,-3.38708,-0.241934,-1.50576,
41," ""1 19 5 5 5 22 11 9 11 9 11 9 26 26 26 23 23 23 21 21 21"""," [1,4,10,18,29,50,88,147,232,345,482,645,820,1002,1314,1715,1715,1715,1715,1715]"," [-0.300465,-0.326728,-0.45995,0,-0.0441478,-0.00672026,-0.07675,-0.00316319,-0.167683,0,0,0,-0.000305951,-0.523554,0,0,-0.287682,-0.287682,-0.287682,-1.38629]"," [1,1,1,1,1,1,1,1,1,1,1,1,1,1,1,1,1,1,1,1]",0," [1,4,10,18,29,50,88,147,232,345,482,645,820,1002,1314,1715,1715,1715,1715,]",38,1,0,,-4.15881,-0.20794,-1.38629,
42," ""1 20 5 22 5 5 11 9 11 9 11 9 26 26 26 2 23 23 23 21 21 21"""," [1,5,12,18,29,50,88,147,232,345,482,645,820,820,1002,1314,1715,1715,1715,1715,1715]"," [-0.300465,-1.28054,0,-0.00153571,-0.0441478,-0.00672026,-0.07675,-0.00316319,-0.167683,0,0,0,-0.000305951,-2.83444,-0.523554,0,0,-0.287682,-0.287682,-0.287682,-1.38629]"," [1,1,1,1,1,1,1,1,1,1,1,1,1,1,1,1,1,1,1,1,1]",0," [1,5,12,18,29,50,88,147,232,345,482,645,820,820/+,1002,1314,1715,1715,1715,1715,]",37,0.9875,1,,-7.48865,-0.356602,-2.83444,
43," ""1 19 22 5 5 5 11 9 11 9 11 9 26 26 26 23 23 23 21 21 21"""," [2,7,14,24,42,75,88,147,232,345,482,645,820,1002,1314,1715,1715,1715,1715,1715]"," [-1.35049,-0.000795229,0,-0.00159236,-1.2,0,-0.154151,-0.00316319,-0.167683,0,0,0,-0.000305951,-0.523554,0,0,-0.287682,-0.287682,-0.287682,-1.38629]"," [1,1,1,1,1,1,1,1,1,1,1,1,1,1,1,1,1,1,1,1]",0," [2,7,14,24,42,75,88,147,232,345,482,645,820,1002,1314,1715,1715,1715,1715,]",38,1,0,,-5.65107,-0.282553,-1.38629,
44," ""1 19 5 22 5 5 11 9 11 9 11 9 26 26 26 23 23 23 21 21 21"""," [1,5,12,18,29,50,88,147,232,345,482,645,820,1002,1314,1715,1715,1715,1715,1715]"," [-0.300465,-1.28054,0,-0.00153571,-0.0441478,-0.00672026,-0.07675,-0.00316319,-0.167683,0,0,0,-0.000305951,-0.523554,0,0,-0.287682,-0.287682,-0.287682,-1.38629]"," [1,1,1,1,1,1,1,1,1,1,1,1,1,1,1,1,1,1,1,1]",0," [1,5,12,18,29,50,88,147,232,345,482,645,820,1002,1314,1715,1715,1715,1715,]",38,1,0,,-4.65421,-0.23271,-1.38629,
45," ""1 19 5 5 22 5 11 9 11 9 11 9 26 26 26 23 23 23 21 21 21"""," [1,4,12,18,29,50,88,147,232,345,482,645,820,1002,1314,1715,1715,1715,1715,1715]"," [-0.300465,-0.326728,-0.997813,-0.00153571,-0.0441478,-0.00672026,-0.07675,-0.00316319,-0.167683,0,0,0,-0.000305951,-0.523554,0,0,-0.287682,-0.287682,-0.287682,-1.38629]"," [1,1,1,1,1,1,1,1,1,1,1,1,1,1,1,1,1,1,1,1]",0," [1,4,12,18,29,50,88,147,232,345,482,645,820,1002,1314,1715,1715,1715,1715,]",38,1,0,,-4.69821,-0.23491,-1.38629,
46," ""1 19 5 5 22 5 11 9 11 9 11 9 26 26 26 23 23 23 21 21 21"""," [1,4,12,18,29,50,88,147,232,345,482,645,820,1002,1314,1715,1715,1715,1715,1715]"," [-0.300465,-0.326728,-0.997813,-0.00153571,-0.0441478,-0.00672026,-0.07675,-0.00316319,-0.167683,0,0,0,-0.000305951,-0.523554,0,0,-0.287682,-0.287682,-0.287682,-1.38629]"," [1,1,1,1,1,1,1,1,1,1,1,1,1,1,1,1,1,1,1,1]",0," [1,4,12,18,29,50,88,147,232,345,482,645,820,1002,1314,1715,1715,1715,1715,]",38,1,0,,-4.69821,-0.23491,-1.38629,
47," ""1 19 5 5 5 22 11 9 11 9 11 9 26 26 26 23 23 23 21 21 21"""," [1,4,10,18,29,50,88,147,232,345,482,645,820,1002,1314,1715,1715,1715,1715,1715]"," [-0.300465,-0.326728,-0.45995,0,-0.0441478,-0.00672026,-0.07675,-0.00316319,-0.167683,0,0,0,-0.000305951,-0.523554,0,0,-0.287682,-0.287682,-0.287682,-1.38629]"," [1,1,1,1,1,1,1,1,1,1,1,1,1,1,1,1,1,1,1,1]",0," [1,4,10,18,29,50,88,147,232,345,482,645,820,1002,1314,1715,1715,1715,1715,]",38,1,0,,-4.15881,-0.20794,-1.38629,
48," ""1 25 5 22 5 5 11 9 11 9 11 9 26 26 26 3 3 4 3 3 4 23 23 23 21 21 21"""," [1,5,12,18,29,50,88,147,232,345,482,645,820,820,820,820,820,820,820,1002,1314,1715,1715,1715,1715,1715]"," [-0.300465,-1.28054,0,-0.00153571,-0.0441478,-0.00672026,-0.07675,-0.00316319,-0.167683,0,0,0,-0.000305951,-2.77381,-2.77381,-2.81893,-2.77381,-2.77381,-2.81893,-0.523554,0,0,-0.287682,-0.287682,-0.287682,-1.38629]"," [1,1,1,1,1,1,1,1,1,1,1,1,1,1,1,1,1,1,1,1,1,1,1,1,1,1]",0," [1,5,12,18,29,50,88,147,232,345,482,645,820,820/+,820/+,820/+,820/+,820/+,820/+,1002,1314,1715,1715,1715,1715,]",32,0.94,6,,-21.3873,-0.82259,-2.81893,
49," ""1 31 22 5 5 5 26 26 26 11 9 11 9 11 9 3 4 3 3 3 4 3 3 4 3 4 3 23 23 23 21 21 21"""," [2,7,14,24,44,81,139,222,335,472,635,809,987,987,987,987,987,987,987,987,987,987,987,987,987,820,1002,1314,1715,1715,1715,1715,1715]"," [-1.35049,-0.000795229,0,-0.00159236,-0.373318,-0.0844893,-0.172795,-0.00751318,-0.00909097,0,-0.00610689,-0.00306749,0,-1.28001,-1.48808,-1.28001,-1.28001,-1.28001,-1.48808,-1.28001,-1.28001,-1.48808,-1.28001,-1.48808,-1.28001,-1.28001,-0.523554,0,0,-0.287682,-0.287682,-0.287682,-1.38629]"," [1,1,1,1,1,1,1,1,1,1,1,1,1,1,1,1,1,1,1,1,1,1,1,1,1,0,1,1,1,1,1,1,1]",1," [2,7,14,24,44,81,139,222,335,472,635,809,987,987/+,987/+,987/+,987/+,987/+,987/+,987/+,987/+,987/+,987/+,987/+,987/+,987/+,987/+,987/+,1715/+|987/+,1715/+,1715,]",14,0.870968,18,,-22.2546,-0.674381,-1.48808,
50," ""1 23 22 5 5 5 26 11 9 26 26 11 9 11 9 2 2 3 2 23 23 23 21 21 21"""," [2,7,14,24,44,24,42,75,24,44,81,81,81,81,809,987,987,987,987,987,820,1002,1314,1715,1715,1715,1715,1715]"," [-1.35049,-0.000795229,0,-0.00159236,-0.373318,-0.0844893,-1.2,0,-3.98898,-0.373318,-0.0844893,-1.9064,-4.59764,-1.9064,-1.9064,0,-1.74231,-1.74231,-1.28001,-1.74231,-1.74231,-0.523554,0,0,-0.287682,-0.287682,-0.287682,-1.38629]"," [1,1,1,1,1,0,1,1,0,1,1,1,1,1,0,1,1,1,1,1,0,1,1,1,1,1,1,1]",4," [2,7,14,24,44,222/+,335,820/+|335/+|234/+,348,485,645,472/+,635,635/+,635/+,635/+,635/+,635/+,1314/+|635/+,1715/+,1715,1715,1715,]",22,0.913043,13,,-28.7965,-1.02844,-4.59764,
51," ""1 13 5 22 5 5 11 9 11 9 26 26 11 9 26"""," [1,5,12,18,29,50,88,147,234,348,485,645,820,820]"," [-0.300465,-1.28054,0,-0.00153571,-0.0441478,-0.00672026,-0.07675,-0.00316319,-1.89482,-0.212662,-0.236863,0,-0.000305951,-1.50576]"," [1,1,1,1,1,1,1,1,1,1,1,1,1,1]",0," [1,5,12,18,29,50,88,147,234,348,485,645,820,]",26,1,0,,-5.56374,-0.39741,-1.89482,
52," ""1 19 5 5 5 22 11 9 11 9 11 9 26 26 26 23 23 23 21 21 21"""," [1,4,10,18,29,50,88,147,232,345,482,645,820,1002,1314,1715,1715,1715,1715,1715]"," [-0.300465,-0.326728,-0.45995,0,-0.0441478,-0.00672026,-0.07675,-0.00316319,-0.167683,0,0,0,-0.000305951,-0.523554,0,0,-0.287682,-0.287682,-0.287682,-1.38629]"," [1,1,1,1,1,1,1,1,1,1,1,1,1,1,1,1,1,1,1,1]",0," [1,4,10,18,29,50,88,147,232,345,482,645,820,1002,1314,1715,1715,1715,1715,]",38,1,0,,-4.15881,-0.20794,-1.38629,
53," ""1 13 5 5 5 22 11 9 11 9 11 9 26 26 26"""," [1,4,10,18,29,50,88,147,232,345,482,645,820,820]"," [-0.300465,-0.326728,-0.45995,0,-0.0441478,-0.00672026,-0.07675,-0.00316319,-0.167683,0,0,0,-0.000305951,-1.50576]"," [1,1,1,1,1,1,1,1,1,1,1,1,1,1]",0," [1,4,10,18,29,50,88,147,232,345,482,645,820,]",26,1,0,,-2.89168,-0.206548,-1.50576,
54," ""1 19 5 22 5 5 11 9 11 9 11 9 26 26 26 23 23 23 21 21 21"""," [1,5,12,18,29,50,88,147,232,345,482,645,820,1002,1314,1715,1715,1715,1715,1715]"," [-0.300465,-1.28054,0,-0.00153571,-0.0441478,-0.00672026,-0.07675,-0.00316319,-0.167683,0,0,0,-0.000305951,-0.523554,0,0,-0.287682,-0.287682,-0.287682,-1.38629]"," [1,1,1,1,1,1,1,1,1,1,1,1,1,1,1,1,1,1,1,1]",0," [1,5,12,18,29,50,88,147,232,345,482,645,820,1002,1314,1715,1715,1715,1715,]",38,1,0,,-4.65421,-0.23271,-1.38629,
55," ""1 19 22 5 5 5 11 9 11 9 26 11 9 26 26 23 23 23 21 21 21""", [], [], [],0," [2,7,14,24,42,75,88,147,234,485/+,645,820,645/+,1002/+,1314,1715,1715,1715,1715,]",34,0.982456,3,0,0,0,,
56," ""1 19 22 5 5 5 26 26 26 11 9 11 9 11 9 23 23 23 21 21 21"""," [2,7,14,24,44,81,139,222,335,472,635,809,987,820,1002,1314,1715,1715,1715,1715,1715]"," [-1.35049,-0.000795229,0,-0.00159236,-0.373318,-0.0844893,-0.172795,-0.00751318,-0.00909097,0,-0.00610689,-0.00306749,0,-inf,-0.523554,0,0,-0.287682,-0.287682,-0.287682,-1.38629]"," [1,1,1,1,1,1,1,1,1,1,1,1,1,0,1,1,1,1,1,1,1]",1," [2,7,14,24,44,81,139,222,335,472,635,809,987,987/+,987/+,987/+,1715/+|987/+,1715/+,1715,]",26,0.947368,6,, -inf, -inf, -inf,
57," ""1 13 22 5 5 5 11 9 11 9 11 9 26 26 26"""," [2,7,14,24,42,75,88,147,232,345,482,645,820,820]"," [-1.35049,-0.000795229,0,-0.00159236,-1.2,0,-0.154151,-0.00316319,-0.167683,0,0,0,-0.000305951,-1.50576]"," [1,1,1,1,1,1,1,1,1,1,1,1,1,1]",0," [2,7,14,24,42,75,88,147,232,345,482,645,820,]",26,1,0,,-4.38393,-0.313138,-1.50576,
58," ""1 25 5 22 5 5 11 9 11 9 11 9 26 26 26 3 3 4 3 3 4 23 23 23 21 21 21"""," [1,5,12,18,29,50,88,147,232,345,482,645,820,820,820,820,820,820,820,1002,1314,1715,1715,1715,1715,1715]"," [-0.300465,-1.28054,0,-0.00153571,-0.0441478,-0.00672026,-0.07675,-0.00316319,-0.167683,0,0,0,-0.000305951,-2.77381,-2.77381,-2.81893,-2.77381,-2.77381,-2.81893,-0.523554,0,0,-0.287682,-0.287682,-0.287682,-1.38629]"," [1,1,1,1,1,1,1,1,1,1,1,1,1,1,1,1,1,1,1,1,1,1,1,1,1,1]",0," [1,5,12,18,29,50,88,147,232,345,482,645,820,820/+,820/+,820/+,820/+,820/+,820/+,1002,1314,1715,1715,1715,1715,]",32,0.94,6,,-21.3873,-0.82259,-2.81893,
59," ""1 13 5 22 5 5 11 9 11 9 11 9 26 26 26"""," [1,5,12,18,29,50,88,147,232,345,482,645,820,820]"," [-0.300465,-1.28054,0,-0.00153571,-0.0441478,-0.00672026,-0.07675,-0.00316319,-0.167683,0,0,0,-0.000305951,-1.50576]"," [1,1,1,1,1,1,1,1,1,1,1,1,1,1]",0," [1,5,12,18,29,50,88,147,232,345,482,645,820,]",26,1,0,,-3.38708,-0.241934,-1.50576,
60," ""1 19 5 5 22 5 11 9 11 9 11 9 26 26 26 23 23 23 21 21 21"""," [1,4,12,18,29,50,88,147,232,345,482,645,820,1002,1314,1715,1715,1715,1715,1715]"," [-0.300465,-0.326728,-0.997813,-0.00153571,-0.0441478,-0.00672026,-0.07675,-0.00316319,-0.167683,0,0,0,-0.000305951,-0.523554,0,0,-0.287682,-0.287682,-0.287682,-1.38629]"," [1,1,1,1,1,1,1,1,1,1,1,1,1,1,1,1,1,1,1,1]",0," [1,4,12,18,29,50,88,147,232,345,482,645,820,1002,1314,1715,1715,1715,1715,]",38,1,0,,-4.69821,-0.23491,-1.38629,
61," ""1 19 22 5 5 5 11 9 26 11 9 11 9 26 26 23 23 23 21 21 21""", [], [], [],0," [2,7,14,24,42,75,234/+,485/+|88/+,645/+|147/+,232,345,482,645,1002/+,1314,1715,1715,1715,1715,]",34,0.982456,6,0,0,0,,
62," ""1 19 5 5 5 22 11 9 11 9 11 9 26 26 26 23 23 23 21 21 21"""," [1,4,10,18,29,50,88,147,232,345,482,645,820,1002,1314,1715,1715,1715,1715,1715]"," [-0.300465,-0.326728,-0.45995,0,-0.0441478,-0.00672026,-0.07675,-0.00316319,-0.167683,0,0,0,-0.000305951,-0.523554,0,0,-0.287682,-0.287682,-0.287682,-1.38629]"," [1,1,1,1,1,1,1,1,1,1,1,1,1,1,1,1,1,1,1,1]",0," [1,4,10,18,29,50,88,147,232,345,482,645,820,1002,1314,1715,1715,1715,1715,]",38,1,0,,-4.15881,-0.20794,-1.38629,
63," ""1 13 5 5 22 5 11 9 11 9 11 9 26 26 26"""," [1,4,12,18,29,50,88,147,232,345,482,645,820,820]"," [-0.300465,-0.326728,-0.997813,-0.00153571,-0.0441478,-0.00672026,-0.07675,-0.00316319,-0.167683,0,0,0,-0.000305951,-1.50576]"," [1,1,1,1,1,1,1,1,1,1,1,1,1,1]",0," [1,4,12,18,29,50,88,147,232,345,482,645,820,]",26,1,0,,-3.43107,-0.245077,-1.50576,
64," ""1 13 5 5 22 5 11 9 11 9 11 9 26 26 26"""," [1,4,12,18,29,50,88,147,232,345,482,645,820,820]"," [-0.300465,-0.326728,-0.997813,-0.00153571,-0.0441478,-0.00672026,-0.07675,-0.00316319,-0.167683,0,0,0,-0.000305951,-1.50576]"," [1,1,1,1,1,1,1,1,1,1,1,1,1,1]",0," [1,4,12,18,29,50,88,147,232,345,482,645,820,]",26,1,0,,-3.43107,-0.245077,-1.50576,
65," ""1 13 5 5 5 22 11 9 11 9 11 9 26 26 26"""," [1,4,10,18,29,50,88,147,232,345,482,645,820,820]"," [-0.300465,-0.326728,-0.45995,0,-0.0441478,-0.00672026,-0.07675,-0.00316319,-0.167683,0,0,0,-0.000305951,-1.50576]"," [1,1,1,1,1,1,1,1,1,1,1,1,1,1]",0," [1,4,10,18,29,50,88,147,232,345,482,645,820,]",26,1,0,,-2.89168,-0.206548,-1.50576,
66," ""1 13 5 5 5 22 11 9 11 9 11 9 26 26 26"""," [1,4,10,18,29,50,88,147,232,345,482,645,820,820]"," [-0.300465,-0.326728,-0.45995,0,-0.0441478,-0.00672026,-0.07675,-0.00316319,-0.167683,0,0,0,-0.000305951,-1.50576]"," [1,1,1,1,1,1,1,1,1,1,1,1,1,1]",0," [1,4,10,18,29,50,88,147,232,345,482,645,820,]",26,1,0,,-2.89168,-0.206548,-1.50576,
67," ""1 23 22 5 5 5 11 9 26 26 26 11 9 11 9 2 4 4 3 23 23 23 21 21 21"""," [2,7,14,24,42,75,75,24,44,81,81,81,81,809,987,987,987,987,987,820,1002,1314,1715,1715,1715,1715,1715]"," [-1.35049,-0.000795229,0,-0.00159236,-1.2,0,-2.08475,-2.08475,-0.373318,-0.0844893,-1.9064,-4.59764,-1.9064,-1.9064,0,-1.74231,-1.48808,-1.48808,-1.28001,-1.28001,-0.523554,0,0,-0.287682,-0.287682,-0.287682,-1.38629]"," [1,1,1,1,1,1,1,0,1,1,1,1,1,0,1,1,1,1,1,0,1,1,1,1,1,1,1]",3," [2,7,14,24,42,75,234/+,348,820/+,485/+,645,472/+,635,635/+,635/+,635/+,635/+,635/+,1314/+|635/+,1715/+,1715,1715,1715,]",22,0.913043,12,,-27.5484,-1.02031,-4.59764,
68," ""1 20 5 22 5 5 11 9 11 9 11 9 26 26 26 2 23 23 23 21 21 21"""," [1,5,12,18,29,50,88,147,232,345,482,645,820,820,1002,1314,1715,1715,1715,1715,1715]"," [-0.300465,-1.28054,0,-0.00153571,-0.0441478,-0.00672026,-0.07675,-0.00316319,-0.167683,0,0,0,-0.000305951,-2.83444,-0.523554,0,0,-0.287682,-0.287682,-0.287682,-1.38629]"," [1,1,1,1,1,1,1,1,1,1,1,1,1,1,1,1,1,1,1,1,1]",0," [1,5,12,18,29,50,88,147,232,345,482,645,820,820/+,1002,1314,1715,1715,1715,1715,]",37,0.9875,1,,-7.48865,-0.356602,-2.83444,
69," ""1 19 5 22 5 5 11 9 11 9 11 9 26 26 26 23 23 23 21 21 21"""," [1,5,12,18,29,50,88,147,232,345,482,645,820,1002,1314,1715,1715,1715,1715,1715]"," [-0.300465,-1.28054,0,-0.00153571,-0.0441478,-0.00672026,-0.07675,-0.00316319,-0.167683,0,0,0,-0.000305951,-0.523554,0,0,-0.287682,-0.287682,-0.287682,-1.38629]"," [1,1,1,1,1,1,1,1,1,1,1,1,1,1,1,1,1,1,1,1]",0," [1,5,12,18,29,50,88,147,232,345,482,645,820,1002,1314,1715,1715,1715,1715,]",38,1,0,,-4.65421,-0.23271,-1.38629,
70," ""1 20 22 5 5 5 26 26 26 11 9 11 9 11 9 3 23 23 23 21 21 21"""," [2,7,14,24,44,81,139,222,335,472,635,809,987,987,820,1002,1314,1715,1715,1715,1715,1715]"," [-1.35049,-0.000795229,0,-0.00159236,-0.373318,-0.0844893,-0.172795,-0.00751318,-0.00909097,0,-0.00610689,-0.00306749,0,-1.28001,-1.28001,-0.523554,0,0,-0.287682,-0.287682,-0.287682,-1.38629]"," [1,1,1,1,1,1,1,1,1,1,1,1,1,1,0,1,1,1,1,1,1,1]",1," [2,7,14,24,44,81,139,222,335,472,635,809,987,987/+,987/+,987/+,987/+,1715/+|987/+,1715/+,1715,]",25,0.9375,7,,-7.34217,-0.333735,-1.38629,
71," ""1 31 22 5 5 5 11 9 26 26 11 9 26 11 9 3 3 4 3 3 4 3 4 3 4 3 3 23 23 23 21 21 21"""," [2,7,14,24,42,75,24,44,81,24,42,75,24,44,635,809,987,987,987,987,987,987,987,987,987,987,987,987,987,820,1002,1314,1715,1715,1715,1715,1715]"," [-1.35049,-0.000795229,0,-0.00159236,-1.2,0,-3.98898,-0.373318,-0.0844893,-0.172795,-1.2,0,-3.98898,-0.373318,-0.0844893,-0.00306749,0,-1.28001,-1.28001,-1.48808,-1.28001,-1.28001,-1.48808,-1.28001,-1.48808,-1.28001,-1.48808,-1.28001,-1.28001,-1.28001,-0.523554,0,0,-0.287682,-0.287682,-0.287682,-1.38629]"," [1,1,1,1,1,1,0,1,1,0,1,1,0,1,0,1,1,1,1,1,1,1,1,1,1,1,1,1,1,0,1,1,1,1,1,1,1]",5," [2,7,14,24,42,75,234/+,348,485,645,820,820/+,645/+,645/+,645/+,645/+,645/+,645/+,645/+,645/+,645/+,645/+,645/+,645/+,645/+,1002/+,1314,1715,1715,1715,1715,]",18,0.88172,16,,-33.0676,-0.89372,-3.98898,
72," ""1 27 22 5 5 5 26 26 26 11 9 11 9 11 9 3 3 3 3 3 3 3 3 23 23 23 21 21 21"""," [2,7,14,24,44,81,139,222,335,472,635,809,987,987,987,987,987,987,987,987,987,820,1002,1314,1715,1715,1715,1715,1715]"," [-1.35049,-0.000795229,0,-0.00159236,-0.373318,-0.0844893,-0.172795,-0.00751318,-0.00909097,0,-0.00610689,-0.00306749,0,-1.28001,-1.28001,-1.28001,-1.28001,-1.28001,-1.28001,-1.28001,-1.28001,-1.28001,-0.523554,0,0,-0.287682,-0.287682,-0.287682,-1.38629]"," [1,1,1,1,1,1,1,1,1,1,1,1,1,1,1,1,1,1,1,1,1,0,1,1,1,1,1,1,1]",1," [2,7,14,24,44,81,139,222,335,472,635,809,987,987/+,987/+,987/+,987/+,987/+,987/+,987/+,987/+,987/+,987/+,987/+,1715/+|987/+,1715/+,1715,]",18,0.888889,14,,-16.3023,-0.562147,-1.38629,
73," ""1 13 5 5 22 5 11 9 11 9 11 9 26 26 26"""," [1,4,12,18,29,50,88,147,232,345,482,645,820,820]"," [-0.300465,-0.326728,-0.997813,-0.00153571,-0.0441478,-0.00672026,-0.07675,-0.00316319,-0.167683,0,0,0,-0.000305951,-1.50576]"," [1,1,1,1,1,1,1,1,1,1,1,1,1,1]",0," [1,4,12,18,29,50,88,147,232,345,482,645,820,]",26,1,0,,-3.43107,-0.245077,-1.50576,
74," ""1 19 22 5 5 5 11 9 11 9 11 9 26 26 26 23 23 23 21 21 21"""," [2,7,14,24,42,75,88,147,232,345,482,645,820,1002,1314,1715,1715,1715,1715,1715]"," [-1.35049,-0.000795229,0,-0.00159236,-1.2,0,-0.154151,-0.00316319,-0.167683,0,0,0,-0.000305951,-0.523554,0,0,-0.287682,-0.287682,-0.287682,-1.38629]"," [1,1,1,1,1,1,1,1,1,1,1,1,1,1,1,1,1,1,1,1]",0," [2,7,14,24,42,75,88,147,232,345,482,645,820,1002,1314,1715,1715,1715,1715,]",38,1,0,,-5.65107,-0.282553,-1.38629,
75," ""1 30 22 5 5 5 26 26 11 9 11 9 26 11 9 3 4 3 4 3 3 3 3 4 3 3 23 23 23 21 21 21"""," [2,7,14,24,44,81,24,42,75,88,147,234,635,809,987,987,987,987,987,987,987,987,987,987,987,987,820,1002,1314,1715,1715,1715,1715,1715]"," [-1.35049,-0.000795229,0,-0.00159236,-0.373318,-0.0844893,-0.172795,-1.2,0,-0.154151,-0.00316319,-1.89482,-0.212662,-0.00306749,0,-1.28001,-1.48808,-1.28001,-1.48808,-1.28001,-1.28001,-1.28001,-1.28001,-1.48808,-1.28001,-1.28001,-1.28001,-0.523554,0,0,-0.287682,-0.287682,-0.287682,-1.38629]"," [1,1,1,1,1,1,0,1,1,1,1,1,0,1,1,1,1,1,1,1,1,1,1,1,1,1,0,1,1,1,1,1,1,1]",3," [2,7,14,24,44,81,222/+,335,472,635,635/+,809,987,987/+,987/+,987/+,987/+,987/+,987/+,987/+,987/+,987/+,987/+,987/+,987/+,1314/+,1715,1715,1715,1715,]",19,0.886111,15,,-24.2086,-0.712017,-1.89482,
76," ""1 19 5 5 22 5 11 9 26 11 9 11 9 26 26 23 23 23 21 21 21""", [], [], [],0," [1,4,12,18,29,50,234/+,485/+|88/+,645/+|147/+,232,345,482,645,1002/+,1314,1715,1715,1715,1715,]",34,0.982456,6,0,0,0,,
77," ""1 24 5 22 5 5 11 9 11 9 11 9 26 26 26 4 4 3 2 2 23 23 23 21 21 21"""," [1,5,12,18,29,50,88,147,232,345,482,645,820,820,820,820,820,820,1002,1314,1715,1715,1715,1715,1715]"," [-0.300465,-1.28054,0,-0.00153571,-0.0441478,-0.00672026,-0.07675,-0.00316319,-0.167683,0,0,0,-0.000305951,-2.81893,-2.81893,-2.77381,-2.83444,-2.83444,-0.523554,0,0,-0.287682,-0.287682,-0.287682,-1.38629]"," [1,1,1,1,1,1,1,1,1,1,1,1,1,1,1,1,1,1,1,1,1,1,1,1,1]",0," [1,5,12,18,29,50,88,147,232,345,482,645,820,820/+,820/+,820/+,820/+,820/+,1002,1314,1715,1715,1715,1715,]",33,0.947917,5,,-18.7348,-0.749391,-2.83444,
78," ""1 31 22 5 5 5 26 26 11 9 11 9 26 11 9 3 4 3 3 4 3 3 3 4 3 3 4 23 23 23 21 21 21"""," [2,7,14,24,44,81,24,42,75,88,147,234,635,809,987,987,987,987,987,987,987,987,987,987,987,987,987,820,1002,1314,1715,1715,1715,1715,1715]"," [-1.35049,-0.000795229,0,-0.00159236,-0.373318,-0.0844893,-0.172795,-1.2,0,-0.154151,-0.00316319,-1.89482,-0.212662,-0.00306749,0,-1.28001,-1.48808,-1.28001,-1.28001,-1.48808,-1.28001,-1.28001,-1.28001,-1.48808,-1.28001,-1.28001,-1.48808,-1.48808,-0.523554,0,0,-0.287682,-0.287682,-0.287682,-1.38629]"," [1,1,1,1,1,1,0,1,1,1,1,1,0,1,1,1,1,1,1,1,1,1,1,1,1,1,1,0,1,1,1,1,1,1,1]",3," [2,7,14,24,44,81,222/+,335,472,635,635/+,809,987,987/+,987/+,987/+,987/+,987/+,987/+,987/+,987/+,987/+,987/+,987/+,987/+,987/+,1314/+,1715,1715,1715,1715,]",18,0.88172,16,,-25.9047,-0.740135,-1.89482,
79," ""1 13 5 22 5 5 11 9 11 9 11 9 26 26 26"""," [1,5,12,18,29,50,88,147,232,345,482,645,820,820]"," [-0.300465,-1.28054,0,-0.00153571,-0.0441478,-0.00672026,-0.07675,-0.00316319,-0.167683,0,0,0,-0.000305951,-1.50576]"," [1,1,1,1,1,1,1,1,1,1,1,1,1,1]",0," [1,5,12,18,29,50,88,147,232,345,482,645,820,]",26,1,0,,-3.38708,-0.241934,-1.50576,
80," ""1 19 22 5 5 5 26 26 26 11 9 11 9 11 9 23 23 23 21 21 21"""," [2,7,14,24,44,81,139,222,335,472,635,809,987,820,1002,1314,1715,1715,1715,1715,1715]"," [-1.35049,-0.000795229,0,-0.00159236,-0.373318,-0.0844893,-0.172795,-0.00751318,-0.00909097,0,-0.00610689,-0.00306749,0,-inf,-0.523554,0,0,-0.287682,-0.287682,-0.287682,-1.38629]"," [1,1,1,1,1,1,1,1,1,1,1,1,1,0,1,1,1,1,1,1,1]",1," [2,7,14,24,44,81,139,222,335,472,635,809,987,987/+,987/+,987/+,1715/+|987/+,1715/+,1715,]",26,0.947368,6,, -inf, -inf, -inf,
81," ""1 13 5 5 22 5 11 9 11 9 11 9 26 26 26"""," [1,4,12,18,29,50,88,147,232,345,482,645,820,820]"," [-0.300465,-0.326728,-0.997813,-0.00153571,-0.0441478,-0.00672026,-0.07675,-0.00316319,-0.167683,0,0,0,-0.000305951,-1.50576]"," [1,1,1,1,1,1,1,1,1,1,1,1,1,1]",0," [1,4,12,18,29,50,88,147,232,345,482,645,820,]",26,1,0,,-3.43107,-0.245077,-1.50576,
82," ""1 19 5 5 5 22 11 9 11 9 11 9 26 26 26 23 23 23 21 21 21"""," [1,4,10,18,29,50,88,147,232,345,482,645,820,1002,1314,1715,1715,1715,1715,1715]"," [-0.300465,-0.326728,-0.45995,0,-0.0441478,-0.00672026,-0.07675,-0.00316319,-0.167683,0,0,0,-0.000305951,-0.523554,0,0,-0.287682,-0.287682,-0.287682,-1.38629]"," [1,1,1,1,1,1,1,1,1,1,1,1,1,1,1,1,1,1,1,1]",0," [1,4,10,18,29,50,88,147,232,345,482,645,820,1002,1314,1715,1715,1715,1715,]",38,1,0,,-4.15881,-0.20794,-1.38629,
83," ""1 19 5 5 22 5 11 9 11 9 11 9 26 26 26 23 23 23 21 21 21"""," [1,4,12,18,29,50,88,147,232,345,482,645,820,1002,1314,1715,1715,1715,1715,1715]"," [-0.300465,-0.326728,-0.997813,-0.00153571,-0.0441478,-0.00672026,-0.07675,-0.00316319,-0.167683,0,0,0,-0.000305951,-0.523554,0,0,-0.287682,-0.287682,-0.287682,-1.38629]"," [1,1,1,1,1,1,1,1,1,1,1,1,1,1,1,1,1,1,1,1]",0," [1,4,12,18,29,50,88,147,232,345,482,645,820,1002,1314,1715,1715,1715,1715,]",38,1,0,,-4.69821,-0.23491,-1.38629,
84," ""1 19 5 5 5 22 11 9 11 9 11 9 26 26 26 23 23 23 21 21 21"""," [1,4,10,18,29,50,88,147,232,345,482,645,820,1002,1314,1715,1715,1715,1715,1715]"," [-0.300465,-0.326728,-0.45995,0,-0.0441478,-0.00672026,-0.07675,-0.00316319,-0.167683,0,0,0,-0.000305951,-0.523554,0,0,-0.287682,-0.287682,-0.287682,-1.38629]"," [1,1,1,1,1,1,1,1,1,1,1,1,1,1,1,1,1,1,1,1]",0," [1,4,10,18,29,50,88,147,232,345,482,645,820,1002,1314,1715,1715,1715,1715,]",38,1,0,,-4.15881,-0.20794,-1.38629,
85," ""1 23 5 22 5 5 11 9 11 9 11 9 26 26 26 4 4 3 2 23 23 23 21 21 21"""," [1,5,12,18,29,50,88,147,232,345,482,645,820,820,820,820,820,1002,1314,1715,1715,1715,1715,1715]"," [-0.300465,-1.28054,0,-0.00153571,-0.0441478,-0.00672026,-0.07675,-0.00316319,-0.167683,0,0,0,-0.000305951,-2.81893,-2.81893,-2.77381,-2.83444,-0.523554,0,0,-0.287682,-0.287682,-0.287682,-1.38629]"," [1,1,1,1,1,1,1,1,1,1,1,1,1,1,1,1,1,1,1,1,1,1,1,1]",0," [1,5,12,18,29,50,88,147,232,345,482,645,820,820/+,820/+,820/+,820/+,1002,1314,1715,1715,1715,1715,]",34,0.956522,4,,-15.9003,-0.662514,-2.83444,
86," ""1 26 5 5 5 22 11 9 11 9 11 9 26 26 26 2 3 3 4 3 4 3 23 23 23 21 21 21"""," [1,4,10,18,29,50,88,147,232,345,482,645,820,820,820,820,820,820,820,820,1002,1314,1715,1715,1715,1715,1715]"," [-0.300465,-0.326728,-0.45995,0,-0.0441478,-0.00672026,-0.07675,-0.00316319,-0.167683,0,0,0,-0.000305951,-2.83444,-2.77381,-2.77381,-2.81893,-2.77381,-2.81893,-2.77381,-0.523554,0,0,-0.287682,-0.287682,-0.287682,-1.38629]"," [1,1,1,1,1,1,1,1,1,1,1,1,1,1,1,1,1,1,1,1,1,1,1,1,1,1,1]",0," [1,4,10,18,29,50,88,147,232,345,482,645,820,820/+,820/+,820/+,820/+,820/+,820/+,820/+,1002,1314,1715,1715,1715,1715,]",31,0.932692,7,,-23.7264,-0.878754,-2.83444,
87," ""1 23 22 5 5 5 26 26 26 11 9 11 9 11 9 2 4 3 4 23 23 23 21 21 21"""," [2,7,14,24,44,81,139,222,335,472,635,809,987,987,987,987,987,820,1002,1314,1715,1715,1715,1715,1715]"," [-1.35049,-0.000795229,0,-0.00159236,-0.373318,-0.0844893,-0.172795,-0.00751318,-0.00909097,0,-0.00610689,-0.00306749,0,-1.74231,-1.48808,-1.28001,-1.48808,-1.48808,-0.523554,0,0,-0.287682,-0.287682,-0.287682,-1.38629]"," [1,1,1,1,1,1,1,1,1,1,1,1,1,1,1,1,1,0,1,1,1,1,1,1,1]",1," [2,7,14,24,44,81,139,222,335,472,635,809,987,987/+,987/+,987/+,987/+,987/+,987/+,987/+,1715/+|987/+,1715/+,1715,]",22,0.913043,10,,-12.2687,-0.490748,-1.74231,
88," ""1 22 5 5 5 22 11 9 11 9 11 9 26 26 26 4 3 4 23 23 23 21 21 21"""," [1,4,10,18,29,50,88,147,232,345,482,645,820,820,820,820,1002,1314,1715,1715,1715,1715,1715]"," [-0.300465,-0.326728,-0.45995,0,-0.0441478,-0.00672026,-0.07675,-0.00316319,-0.167683,0,0,0,-0.000305951,-2.81893,-2.77381,-2.81893,-0.523554,0,0,-0.287682,-0.287682,-0.287682,-1.38629]"," [1,1,1,1,1,1,1,1,1,1,1,1,1,1,1,1,1,1,1,1,1,1,1]",0," [1,4,10,18,29,50,88,147,232,345,482,645,820,820/+,820/+,820/+,1002,1314,1715,1715,1715,1715,]",35,0.965909,3,,-12.5705,-0.546543,-2.81893,
89," ""1 19 5 5 5 22 11 9 11 9 11 9 26 26 26 23 23 23 21 21 21"""," [1,4,10,18,29,50,88,147,232,345,482,645,820,1002,1314,1715,1715,1715,1715,1715]"," [-0.300465,-0.326728,-0.45995,0,-0.0441478,-0.00672026,-0.07675,-0.00316319,-0.167683,0,0,0,-0.000305951,-0.523554,0,0,-0.287682,-0.287682,-0.287682,-1.38629]"," [1,1,1,1,1,1,1,1,1,1,1,1,1,1,1,1,1,1,1,1]",0," [1,4,10,18,29,50,88,147,232,345,482,645,820,1002,1314,1715,1715,1715,1715,]",38,1,0,,-4.15881,-0.20794,-1.38629,
90," ""1 19 5 5 5 22 11 9 11 9 11 9 26 26 26 23 23 23 21 21 21"""," [1,4,10,18,29,50,88,147,232,345,482,645,820,1002,1314,1715,1715,1715,1715,1715]"," [-0.300465,-0.326728,-0.45995,0,-0.0441478,-0.00672026,-0.07675,-0.00316319,-0.167683,0,0,0,-0.000305951,-0.523554,0,0,-0.287682,-0.287682,-0.287682,-1.38629]"," [1,1,1,1,1,1,1,1,1,1,1,1,1,1,1,1,1,1,1,1]",0," [1,4,10,18,29,50,88,147,232,345,482,645,820,1002,1314,1715,1715,1715,1715,]",38,1,0,,-4.15881,-0.20794,-1.38629,
91," ""1 19 5 5 5 22 11 9 11 9 11 9 26 26 26 23 23 23 21 21 21"""," [1,4,10,18,29,50,88,147,232,345,482,645,820,1002,1314,1715,1715,1715,1715,1715]"," [-0.300465,-0.326728,-0.45995,0,-0.0441478,-0.00672026,-0.07675,-0.00316319,-0.167683,0,0,0,-0.000305951,-0.523554,0,0,-0.287682,-0.287682,-0.287682,-1.38629]"," [1,1,1,1,1,1,1,1,1,1,1,1,1,1,1,1,1,1,1,1]",0," [1,4,10,18,29,50,88,147,232,345,482,645,820,1002,1314,1715,1715,1715,1715,]",38,1,0,,-4.15881,-0.20794,-1.38629,
92," ""1 31 22 5 5 5 26 11 9 11 9 26 26 11 9 3 4 3 3 4 3 3 4 3 3 4 3 23 23 23 21 21 21"""," [2,7,14,24,44,44,44,24,42,75,24,44,81,635,809,987,987,987,987,987,987,987,987,987,987,987,987,987,820,1002,1314,1715,1715,1715,1715,1715]"," [-1.35049,-0.000795229,0,-0.00159236,-0.373318,-2.60269,-4.96981,-4.96981,-1.2,0,-3.98898,-0.373318,-0.0844893,-0.172795,-0.00306749,0,-1.28001,-1.48808,-1.28001,-1.28001,-1.48808,-1.28001,-1.28001,-1.48808,-1.28001,-1.28001,-1.48808,-1.28001,-1.28001,-0.523554,0,0,-0.287682,-0.287682,-0.287682,-1.38629]"," [1,1,1,1,1,1,1,0,1,1,0,1,1,0,1,1,1,1,1,1,1,1,1,1,1,1,1,1,0,1,1,1,1,1,1,1]",4," [2,7,14,24,44,222/+,335,472,635,234/+,348,485,645,645/+,645/+,645/+,645/+,645/+,645/+,645/+,645/+,645/+,645/+,645/+,645/+,1002/+,1314,1715,1715,1715,1715,]",22,0.892473,15,,-40.3365,-1.12046,-4.96981,
93," ""1 25 22 5 5 5 26 26 11 9 26 11 9 11 9 4 3 4 2 2 2 23 23 23 21 21 21"""," [2,7,14,24,44,81,24,42,75,24,44,44,44,44,809,987,987,987,987,987,987,987,820,1002,1314,1715,1715,1715,1715,1715]"," [-1.35049,-0.000795229,0,-0.00159236,-0.373318,-0.0844893,-0.172795,-1.2,0,-3.98898,-0.373318,-2.60269,-4.96981,-2.60269,-2.60269,0,-1.48808,-1.28001,-1.48808,-1.74231,-1.74231,-1.74231,-1.74231,-0.523554,0,0,-0.287682,-0.287682,-0.287682,-1.38629]"," [1,1,1,1,1,1,0,1,1,0,1,1,1,1,0,1,1,1,1,1,1,1,0,1,1,1,1,1,1,1]",4," [2,7,14,24,44,81,222/+,335,820/+|335/+,472,635,809,987,987/+,987/+,987/+,987/+,987/+,987/+,987/+,987/+,1715/+,1715,1715,1715,]",20,0.9,12,,-34.322,-1.14407,-4.96981,
94," ""1 23 22 5 5 5 26 26 26 11 9 11 9 11 9 4 3 4 2 23 23 23 21 21 21"""," [2,7,14,24,44,81,139,222,335,472,635,809,987,987,987,987,987,820,1002,1314,1715,1715,1715,1715,1715]"," [-1.35049,-0.000795229,0,-0.00159236,-0.373318,-0.0844893,-0.172795,-0.00751318,-0.00909097,0,-0.00610689,-0.00306749,0,-1.48808,-1.28001,-1.48808,-1.74231,-1.74231,-0.523554,0,0,-0.287682,-0.287682,-0.287682,-1.38629]"," [1,1,1,1,1,1,1,1,1,1,1,1,1,1,1,1,1,0,1,1,1,1,1,1,1]",1," [2,7,14,24,44,81,139,222,335,472,635,809,987,987/+,987/+,987/+,987/+,987/+,987/+,987/+,1715/+|987/+,1715/+,1715,]",22,0.913043,10,,-12.5229,-0.500918,-1.74231,
95," ""1 20 22 5 5 5 11 9 11 9 11 9 26 26 26 2 23 23 23 21 21 21"""," [2,7,14,24,42,75,88,147,232,345,482,645,820,820,1002,1314,1715,1715,1715,1715,1715]"," [-1.35049,-0.000795229,0,-0.00159236,-1.2,0,-0.154151,-0.00316319,-0.167683,0,0,0,-0.000305951,-2.83444,-0.523554,0,0,-0.287682,-0.287682,-0.287682,-1.38629]"," [1,1,1,1,1,1,1,1,1,1,1,1,1,1,1,1,1,1,1,1,1]",0," [2,7,14,24,42,75,88,147,232,345,482,645,820,820/+,1002,1314,1715,1715,1715,1715,]",37,0.9875,1,,-8.48551,-0.404072,-2.83444,
96," ""1 25 5 5 22 5 11 9 11 9 26 26 11 9 26 3 4 3 3 3 4 23 23 23 21 21 21"""," [1,4,12,18,29,50,88,147,234,348,485,645,820,820,820,820,820,820,820,1002,1314,1715,1715,1715,1715,1715]"," [-0.300465,-0.326728,-0.997813,-0.00153571,-0.0441478,-0.00672026,-0.07675,-0.00316319,-1.89482,-0.212662,-0.236863,0,-0.000305951,-2.77381,-2.81893,-2.77381,-2.77381,-2.77381,-2.81893,-0.523554,0,0,-0.287682,-0.287682,-0.287682,-1.38629]"," [1,1,1,1,1,1,1,1,1,1,1,1,1,1,1,1,1,1,1,1,1,1,1,1,1,1]",0," [1,4,12,18,29,50,88,147,234,348,485,645,820,820/+,820/+,820/+,820/+,820/+,820/+,1002,1314,1715,1715,1715,1715,]",32,0.94,6,,-23.608,-0.908,-2.81893,
97," ""1 13 5 5 22 5 11 9 11 9 11 9 26 26 26"""," [1,4,12,18,29,50,88,147,232,345,482,645,820,820]"," [-0.300465,-0.326728,-0.997813,-0.00153571,-0.0441478,-0.00672026,-0.07675,-0.00316319,-0.167683,0,0,0,-0.000305951,-1.50576]"," [1,1,1,1,1,1,1,1,1,1,1,1,1,1]",0," [1,4,12,18,29,50,88,147,232,345,482,645,820,]",26,1,0,,-3.43107,-0.245077,-1.50576,
98," ""1 19 5 5 5 22 9 26 11 11 9 11 9 26 26 23 23 23 21 21 21""", [], [], [],0," [1,4,10,18,50/+,234/+,485/+|88/+,232/+,345,232/+,345,482,645,1002/+,1314,1715,1715,1715,1715,]",30,0.964912,7,0,0,0,,
99," ""1 28 22 5 5 5 26 26 26 11 9 11 9 11 9 3 4 3 3 3 4 3 3 4 23 23 23 21 21 21"""," [2,7,14,24,44,81,139,222,335,472,635,809,987,987,987,987,987,987,987,987,987,987,820,1002,1314,1715,1715,1715,1715,1715]"," [-1.35049,-0.000795229,0,-0.00159236,-0.373318,-0.0844893,-0.172795,-0.00751318,-0.00909097,0,-0.00610689,-0.00306749,0,-1.28001,-1.48808,-1.28001,-1.28001,-1.28001,-1.48808,-1.28001,-1.28001,-1.48808,-1.48808,-0.523554,0,0,-0.287682,-0.287682,-0.287682,-1.38629]"," [1,1,1,1,1,1,1,1,1,1,1,1,1,1,1,1,1,1,1,1,1,1,0,1,1,1,1,1,1,1]",1," [2,7,14,24,44,81,139,222,335,472,635,809,987,987/+,987/+,987/+,987/+,987/+,987/+,987/+,987/+,987/+,987/+,987/+,987/+,1715/+|987/+,1715/+,1715,]",17,0.883929,15,,-18.4145,-0.613818,-1.48808,
100," ""1 22 5 5 5 22 11 9 11 9 11 9 26 26 26 4 4 3 23 23 23 21 21 21"""," [1,4,10,18,29,50,88,147,232,345,482,645,820,820,820,820,1002,1314,1715,1715,1715,1715,1715]"," [-0.300465,-0.326728,-0.45995,0,-0.0441478,-0.00672026,-0.07675,-0.00316319,-0.167683,0,0,0,-0.000305951,-2.81893,-2.81893,-2.77381,-0.523554,0,0,-0.287682,-0.287682,-0.287682,-1.38629]"," [1,1,1,1,1,1,1,1,1,1,1,1,1,1,1,1,1,1,1,1,1,1,1]",0," [1,4,10,18,29,50,88,147,232,345,482,645,820,820/+,820/+,820/+,1002,1314,1715,1715,1715,1715,]",35,0.965909,3,,-12.5705,-0.546543,-2.81893,
101," ""1 25 5 5 22 5 9 11 9 26 26 11 9 11 26 3 3 4 3 3 4 23 23 23 21 21 21""", [], [], [],0," [1,4,12,18,50/+,88,147,234,348,485,645,645/+,820,820/+,820/+,820/+,820/+,820/+,820/+,1002,1314,1715,1715,1715,1715,]",28,0.926667,8,0,0,0,,
102," ""1 15 5 5 22 5 11 9 11 9 26 26 11 9 26 5 22""", [], [], [],0," [1,4,12,18,29,50,88,147,234,348,485,645,820,820/+,820/+,]",24,0.966667,2,0,0,0,,
103," ""1 19 5 5 22 5 11 9 11 9 11 9 26 26 26 23 23 23 21 21 21"""," [1,4,12,18,29,50,88,147,232,345,482,645,820,1002,1314,1715,1715,1715,1715,1715]"," [-0.300465,-0.326728,-0.997813,-0.00153571,-0.0441478,-0.00672026,-0.07675,-0.00316319,-0.167683,0,0,0,-0.000305951,-0.523554,0,0,-0.287682,-0.287682,-0.287682,-1.38629]"," [1,1,1,1,1,1,1,1,1,1,1,1,1,1,1,1,1,1,1,1]",0," [1,4,12,18,29,50,88,147,232,345,482,645,820,1002,1314,1715,1715,1715,1715,]",38,1,0,,-4.69821,-0.23491,-1.38629,
104," ""1 22 22 5 5 5 26 26 26 11 9 11 9 11 9 4 3 4 23 23 23 21 21 21"""," [2,7,14,24,44,81,139,222,335,472,635,809,987,987,987,987,820,1002,1314,1715,1715,1715,1715,1715]"," [-1.35049,-0.000795229,0,-0.00159236,-0.373318,-0.0844893,-0.172795,-0.00751318,-0.00909097,0,-0.00610689,-0.00306749,0,-1.48808,-1.28001,-1.48808,-1.48808,-0.523554,0,0,-0.287682,-0.287682,-0.287682,-1.38629]"," [1,1,1,1,1,1,1,1,1,1,1,1,1,1,1,1,0,1,1,1,1,1,1,1]",1," [2,7,14,24,44,81,139,222,335,472,635,809,987,987/+,987/+,987/+,987/+,987/+,987/+,1715/+|987/+,1715/+,1715,]",23,0.920455,9,,-10.5264,-0.4386,-1.48808,
105," ""1 23 22 5 5 5 26 11 9 26 26 11 9 11 9 4 3 4 2 23 23 23 21 21 21"""," [2,7,14,24,44,24,42,75,24,44,81,81,81,81,809,987,987,987,987,987,820,1002,1314,1715,1715,1715,1715,1715]"," [-1.35049,-0.000795229,0,-0.00159236,-0.373318,-0.0844893,-1.2,0,-3.98898,-0.373318,-0.0844893,-1.9064,-4.59764,-1.9064,-1.9064,0,-1.48808,-1.28001,-1.48808,-1.74231,-1.74231,-0.523554,0,0,-0.287682,-0.287682,-0.287682,-1.38629]"," [1,1,1,1,1,0,1,1,0,1,1,1,1,1,0,1,1,1,1,1,0,1,1,1,1,1,1,1]",4," [2,7,14,24,44,222/+,335,820/+|335/+|234/+,348,485,645,472/+,635,635/+,635/+,635/+,635/+,635/+,1314/+|635/+,1715/+,1715,1715,1715,]",22,0.913043,13,,-28.288,-1.01029,-4.59764,
106," ""1 19 5 22 5 5 11 9 11 9 11 9 26 26 26 23 23 23 21 21 21"""," [1,5,12,18,29,50,88,147,232,345,482,645,820,1002,1314,1715,1715,1715,1715,1715]"," [-0.300465,-1.28054,0,-0.00153571,-0.0441478,-0.00672026,-0.07675,-0.00316319,-0.167683,0,0,0,-0.000305951,-0.523554,0,0,-0.287682,-0.287682,-0.287682,-1.38629]"," [1,1,1,1,1,1,1,1,1,1,1,1,1,1,1,1,1,1,1,1]",0," [1,5,12,18,29,50,88,147,232,345,482,645,820,1002,1314,1715,1715,1715,1715,]",38,1,0,,-4.65421,-0.23271,-1.38629,
107," ""1 19 5 22 5 5 11 9 11 9 11 9 26 26 26 23 23 23 21 21 21"""," [1,5,12,18,29,50,88,147,232,345,482,645,820,1002,1314,1715,1715,1715,1715,1715]"," [-0.300465,-1.28054,0,-0.00153571,-0.0441478,-0.00672026,-0.07675,-0.00316319,-0.167683,0,0,0,-0.000305951,-0.523554,0,0,-0.287682,-0.287682,-0.287682,-1.38629]"," [1,1,1,1,1,1,1,1,1,1,1,1,1,1,1,1,1,1,1,1]",0," [1,5,12,18,29,50,88,147,232,345,482,645,820,1002,1314,1715,1715,1715,1715,]",38,1,0,,-4.65421,-0.23271,-1.38629,
108," ""1 19 5 22 5 5 11 9 11 9 11 9 26 26 26 23 23 23 21 21 21"""," [1,5,12,18,29,50,88,147,232,345,482,645,820,1002,1314,1715,1715,1715,1715,1715]"," [-0.300465,-1.28054,0,-0.00153571,-0.0441478,-0.00672026,-0.07675,-0.00316319,-0.167683,0,0,0,-0.000305951,-0.523554,0,0,-0.287682,-0.287682,-0.287682,-1.38629]"," [1,1,1,1,1,1,1,1,1,1,1,1,1,1,1,1,1,1,1,1]",0," [1,5,12,18,29,50,88,147,232,345,482,645,820,1002,1314,1715,1715,1715,1715,]",38,1,0,,-4.65421,-0.23271,-1.38629,
109," ""1 23 5 22 5 5 11 9 11 9 11 9 26 26 26 4 4 3 2 23 23 23 21 21 21"""," [1,5,12,18,29,50,88,147,232,345,482,645,820,820,820,820,820,1002,1314,1715,1715,1715,1715,1715]"," [-0.300465,-1.28054,0,-0.00153571,-0.0441478,-0.00672026,-0.07675,-0.00316319,-0.167683,0,0,0,-0.000305951,-2.81893,-2.81893,-2.77381,-2.83444,-0.523554,0,0,-0.287682,-0.287682,-0.287682,-1.38629]"," [1,1,1,1,1,1,1,1,1,1,1,1,1,1,1,1,1,1,1,1,1,1,1,1]",0," [1,5,12,18,29,50,88,147,232,345,482,645,820,820/+,820/+,820/+,820/+,1002,1314,1715,1715,1715,1715,]",34,0.956522,4,,-15.9003,-0.662514,-2.83444,
110," ""1 19 5 5 5 22 11 9 26 11 9 11 9 26 26 23 23 23 21 21 21""", [], [], [],0," [1,4,10,18,29,50,234/+,485/+|88/+,645/+|147/+,232,345,482,645,1002/+,1314,1715,1715,1715,1715,]",34,0.982456,6,0,0,0,,
111," ""1 19 5 22 5 5 11 9 11 9 11 9 26 26 26 23 23 23 21 21 21"""," [1,5,12,18,29,50,88,147,232,345,482,645,820,1002,1314,1715,1715,1715,1715,1715]"," [-0.300465,-1.28054,0,-0.00153571,-0.0441478,-0.00672026,-0.07675,-0.00316319,-0.167683,0,0,0,-0.000305951,-0.523554,0,0,-0.287682,-0.287682,-0.287682,-1.38629]"," [1,1,1,1,1,1,1,1,1,1,1,1,1,1,1,1,1,1,1,1]",0," [1,5,12,18,29,50,88,147,232,345,482,645,820,1002,1314,1715,1715,1715,1715,]",38,1,0,,-4.65421,-0.23271,-1.38629,
112," ""1 19 5 5 5 22 11 9 11 9 11 9 26 26 26 23 23 23 21 21 21"""," [1,4,10,18,29,50,88,147,232,345,482,645,820,1002,1314,1715,1715,1715,1715,1715]"," [-0.300465,-0.326728,-0.45995,0,-0.0441478,-0.00672026,-0.07675,-0.00316319,-0.167683,0,0,0,-0.000305951,-0.523554,0,0,-0.287682,-0.287682,-0.287682,-1.38629]"," [1,1,1,1,1,1,1,1,1,1,1,1,1,1,1,1,1,1,1,1]",0," [1,4,10,18,29,50,88,147,232,345,482,645,820,1002,1314,1715,1715,1715,1715,]",38,1,0,,-4.15881,-0.20794,-1.38629,
113," ""1 19 5 5 5 22 11 9 11 9 26 11 9 26 26 23 23 23 21 21 21""", [], [], [],0," [1,4,10,18,29,50,88,147,234,485/+,645,820,645/+,1002/+,1314,1715,1715,1715,1715,]",34,0.982456,3,0,0,0,,
114," ""1 22 5 5 5 22 11 9 11 9 11 9 26 26 26 4 4 3 23 23 23 21 21 21"""," [1,4,10,18,29,50,88,147,232,345,482,645,820,820,820,820,1002,1314,1715,1715,1715,1715,1715]"," [-0.300465,-0.326728,-0.45995,0,-0.0441478,-0.00672026,-0.07675,-0.00316319,-0.167683,0,0,0,-0.000305951,-2.81893,-2.81893,-2.77381,-0.523554,0,0,-0.287682,-0.287682,-0.287682,-1.38629]"," [1,1,1,1,1,1,1,1,1,1,1,1,1,1,1,1,1,1,1,1,1,1,1]",0," [1,4,10,18,29,50,88,147,232,345,482,645,820,820/+,820/+,820/+,1002,1314,1715,1715,1715,1715,]",35,0.965909,3,,-12.5705,-0.546543,-2.81893,
115," ""1 19 5 5 22 5 11 9 11 9 11 9 26 26 26 23 23 23 21 21 21"""," [1,4,12,18,29,50,88,147,232,345,482,645,820,1002,1314,1715,1715,1715,1715,1715]"," [-0.300465,-0.326728,-0.997813,-0.00153571,-0.0441478,-0.00672026,-0.07675,-0.00316319,-0.167683,0,0,0,-0.000305951,-0.523554,0,0,-0.287682,-0.287682,-0.287682,-1.38629]"," [1,1,1,1,1,1,1,1,1,1,1,1,1,1,1,1,1,1,1,1]",0," [1,4,12,18,29,50,88,147,232,345,482,645,820,1002,1314,1715,1715,1715,1715,]",38,1,0,,-4.69821,-0.23491,-1.38629,
116," ""1 19 5 5 22 5 11 9 11 9 11 9 26 26 26 23 23 23 21 21 21"""," [1,4,12,18,29,50,88,147,232,345,482,645,820,1002,1314,1715,1715,1715,1715,1715]"," [-0.300465,-0.326728,-0.997813,-0.00153571,-0.0441478,-0.00672026,-0.07675,-0.00316319,-0.167683,0,0,0,-0.000305951,-0.523554,0,0,-0.287682,-0.287682,-0.287682,-1.38629]"," [1,1,1,1,1,1,1,1,1,1,1,1,1,1,1,1,1,1,1,1]",0," [1,4,12,18,29,50,88,147,232,345,482,645,820,1002,1314,1715,1715,1715,1715,]",38,1,0,,-4.69821,-0.23491,-1.38629,
117," ""1 25 22 5 5 5 26 26 26 11 9 11 9 11 9 2 4 3 4 2 2 23 23 23 21 21 21"""," [2,7,14,24,44,81,139,222,335,472,635,809,987,987,987,987,987,987,987,820,1002,1314,1715,1715,1715,1715,1715]"," [-1.35049,-0.000795229,0,-0.00159236,-0.373318,-0.0844893,-0.172795,-0.00751318,-0.00909097,0,-0.00610689,-0.00306749,0,-1.74231,-1.48808,-1.28001,-1.48808,-1.74231,-1.74231,-1.74231,-0.523554,0,0,-0.287682,-0.287682,-0.287682,-1.38629]"," [1,1,1,1,1,1,1,1,1,1,1,1,1,1,1,1,1,1,1,0,1,1,1,1,1,1,1]",1," [2,7,14,24,44,81,139,222,335,472,635,809,987,987/+,987/+,987/+,987/+,987/+,987/+,987/+,987/+,987/+,1715/+|987/+,1715/+,1715,]",20,0.9,12,,-16.0076,-0.592873,-1.74231,
118," ""1 20 5 5 5 22 11 9 11 9 11 9 26 26 26 2 23 23 23 21 21 21"""," [1,4,10,18,29,50,88,147,232,345,482,645,820,820,1002,1314,1715,1715,1715,1715,1715]"," [-0.300465,-0.326728,-0.45995,0,-0.0441478,-0.00672026,-0.07675,-0.00316319,-0.167683,0,0,0,-0.000305951,-2.83444,-0.523554,0,0,-0.287682,-0.287682,-0.287682,-1.38629]"," [1,1,1,1,1,1,1,1,1,1,1,1,1,1,1,1,1,1,1,1,1]",0," [1,4,10,18,29,50,88,147,232,345,482,645,820,820/+,1002,1314,1715,1715,1715,1715,]",37,0.9875,1,,-6.99325,-0.333012,-2.83444,
119," ""1 23 22 5 5 5 11 9 26 26 11 9 26 11 9 4 4 3 2 23 23 23 21 21 21"""," [2,7,14,24,42,75,24,44,81,24,42,75,24,44,635,809,987,987,987,987,987,820,1002,1314,1715,1715,1715,1715,1715]"," [-1.35049,-0.000795229,0,-0.00159236,-1.2,0,-3.98898,-0.373318,-0.0844893,-0.172795,-1.2,0,-3.98898,-0.373318,-0.0844893,-0.00306749,0,-1.48808,-1.48808,-1.28001,-1.74231,-1.74231,-0.523554,0,0,-0.287682,-0.287682,-0.287682,-1.38629]"," [1,1,1,1,1,1,0,1,1,0,1,1,0,1,0,1,1,1,1,1,1,0,1,1,1,1,1,1,1]",5," [2,7,14,24,42,75,234/+,348,485,645,820,820/+,645/+,645/+,645/+,645/+,645/+,1002/+,1314,1715,1715,1715,1715,]",26,0.927536,8,,-23.336,-0.80469,-3.98898,
120," ""1 19 5 22 5 5 11 9 11 9 11 9 26 26 26 23 23 23 21 21 21"""," [1,5,12,18,29,50,88,147,232,345,482,645,820,1002,1314,1715,1715,1715,1715,1715]"," [-0.300465,-1.28054,0,-0.00153571,-0.0441478,-0.00672026,-0.07675,-0.00316319,-0.167683,0,0,0,-0.000305951,-0.523554,0,0,-0.287682,-0.287682,-0.287682,-1.38629]"," [1,1,1,1,1,1,1,1,1,1,1,1,1,1,1,1,1,1,1,1]",0," [1,5,12,18,29,50,88,147,232,345,482,645,820,1002,1314,1715,1715,1715,1715,]",38,1,0,,-4.65421,-0.23271,-1.38629,
121," ""1 13 5 5 22 5 11 9 11 9 11 9 26 26 26"""," [1,4,12,18,29,50,88,147,232,345,482,645,820,820]"," [-0.300465,-0.326728,-0.997813,-0.00153571,-0.0441478,-0.00672026,-0.07675,-0.00316319,-0.167683,0,0,0,-0.000305951,-1.50576]"," [1,1,1,1,1,1,1,1,1,1,1,1,1,1]",0," [1,4,12,18,29,50,88,147,232,345,482,645,820,]",26,1,0,,-3.43107,-0.245077,-1.50576,
122," ""1 19 22 5 5 5 11 9 11 9 11 9 26 26 26 23 23 23 21 21 21"""," [2,7,14,24,42,75,88,147,232,345,482,645,820,1002,1314,1715,1715,1715,1715,1715]"," [-1.35049,-0.000795229,0,-0.00159236,-1.2,0,-0.154151,-0.00316319,-0.167683,0,0,0,-0.000305951,-0.523554,0,0,-0.287682,-0.287682,-0.287682,-1.38629]"," [1,1,1,1,1,1,1,1,1,1,1,1,1,1,1,1,1,1,1,1]",0," [2,7,14,24,42,75,88,147,232,345,482,645,820,1002,1314,1715,1715,1715,1715,]",38,1,0,,-5.65107,-0.282553,-1.38629,
123," ""1 19 5 5 5 22 11 9 11 9 11 9 26 26 26 23 23 23 21 21 21"""," [1,4,10,18,29,50,88,147,232,345,482,645,820,1002,1314,1715,1715,1715,1715,1715]"," [-0.300465,-0.326728,-0.45995,0,-0.0441478,-0.00672026,-0.07675,-0.00316319,-0.167683,0,0,0,-0.000305951,-0.523554,0,0,-0.287682,-0.287682,-0.287682,-1.38629]"," [1,1,1,1,1,1,1,1,1,1,1,1,1,1,1,1,1,1,1,1]",0," [1,4,10,18,29,50,88,147,232,345,482,645,820,1002,1314,1715,1715,1715,1715,]",38,1,0,,-4.15881,-0.20794,-1.38629,
124," ""1 20 22 5 5 5 26 26 26 11 9 11 9 11 9 2 23 23 23 21 21 21"""," [2,7,14,24,44,81,139,222,335,472,635,809,987,987,820,1002,1314,1715,1715,1715,1715,1715]"," [-1.35049,-0.000795229,0,-0.00159236,-0.373318,-0.0844893,-0.172795,-0.00751318,-0.00909097,0,-0.00610689,-0.00306749,0,-1.74231,-1.74231,-0.523554,0,0,-0.287682,-0.287682,-0.287682,-1.38629]"," [1,1,1,1,1,1,1,1,1,1,1,1,1,1,0,1,1,1,1,1,1,1]",1," [2,7,14,24,44,81,139,222,335,472,635,809,987,987/+,987/+,987/+,987/+,1715/+|987/+,1715/+,1715,]",25,0.9375,7,,-8.26677,-0.375762,-1.74231,
125," ""1 19 5 5 5 22 11 9 11 9 11 9 26 26 26 23 23 23 21 21 21"""," [1,4,10,18,29,50,88,147,232,345,482,645,820,1002,1314,1715,1715,1715,1715,1715]"," [-0.300465,-0.326728,-0.45995,0,-0.0441478,-0.00672026,-0.07675,-0.00316319,-0.167683,0,0,0,-0.000305951,-0.523554,0,0,-0.287682,-0.287682,-0.287682,-1.38629]"," [1,1,1,1,1,1,1,1,1,1,1,1,1,1,1,1,1,1,1,1]",0," [1,4,10,18,29,50,88,147,232,345,482,645,820,1002,1314,1715,1715,1715,1715,]",38,1,0,,-4.15881,-0.20794,-1.38629,
126," ""1 19 22 5 5 5 11 9 11 9 11 9 26 26 26 23 23 23 21 21 21"""," [2,7,14,24,42,75,88,147,232,345,482,645,820,1002,1314,1715,1715,1715,1715,1715]"," [-1.35049,-0.000795229,0,-0.00159236,-1.2,0,-0.154151,-0.00316319,-0.167683,0,0,0,-0.000305951,-0.523554,0,0,-0.287682,-0.287682,-0.287682,-1.38629]"," [1,1,1,1,1,1,1,1,1,1,1,1,1,1,1,1,1,1,1,1]",0," [2,7,14,24,42,75,88,147,232,345,482,645,820,1002,1314,1715,1715,1715,1715,]",38,1,0,,-5.65107,-0.282553,-1.38629,
127," ""1 13 5 22 5 5 11 9 11 9 11 9 26 26 26"""," [1,5,12,18,29,50,88,147,232,345,482,645,820,820]"," [-0.300465,-1.28054,0,-0.00153571,-0.0441478,-0.00672026,-0.07675,-0.00316319,-0.167683,0,0,0,-0.000305951,-1.50576]"," [1,1,1,1,1,1,1,1,1,1,1,1,1,1]",0," [1,5,12,18,29,50,88,147,232,345,482,645,820,]",26,1,0,,-3.38708,-0.241934,-1.50576,
128," ""1 14 5 5 5 22 11 9 11 9 11 9 26 26 26 2"""," [1,4,10,18,29,50,88,147,232,345,482,645,820,820,820]"," [-0.300465,-0.326728,-0.45995,0,-0.0441478,-0.00672026,-0.07675,-0.00316319,-0.167683,0,0,0,-0.000305951,-2.83444,-1.50576]"," [1,1,1,1,1,1,1,1,1,1,1,1,1,1,1]",0," [1,4,10,18,29,50,88,147,232,345,482,645,820,820/+,]",25,0.982143,1,,-5.72611,-0.381741,-2.83444,
129," ""1 19 5 5 22 5 11 9 11 9 11 9 26 26 26 23 23 23 21 21 21"""," [1,4,12,18,29,50,88,147,232,345,482,645,820,1002,1314,1715,1715,1715,1715,1715]"," [-0.300465,-0.326728,-0.997813,-0.00153571,-0.0441478,-0.00672026,-0.07675,-0.00316319,-0.167683,0,0,0,-0.000305951,-0.523554,0,0,-0.287682,-0.287682,-0.287682,-1.38629]"," [1,1,1,1,1,1,1,1,1,1,1,1,1,1,1,1,1,1,1,1]",0," [1,4,12,18,29,50,88,147,232,345,482,645,820,1002,1314,1715,1715,1715,1715,]",38,1,0,,-4.69821,-0.23491,-1.38629,
130," ""1 20 5 5 22 5 11 9 11 9 26 26 11 9 26 2 23 23 23 21 21 21"""," [1,4,12,18,29,50,88,147,234,348,485,645,820,820,1002,1314,1715,1715,1715,1715,1715]"," [-0.300465,-0.326728,-0.997813,-0.00153571,-0.0441478,-0.00672026,-0.07675,-0.00316319,-1.89482,-0.212662,-0.236863,0,-0.000305951,-2.83444,-0.523554,0,0,-0.287682,-0.287682,-0.287682,-1.38629]"," [1,1,1,1,1,1,1,1,1,1,1,1,1,1,1,1,1,1,1,1,1]",0," [1,4,12,18,29,50,88,147,234,348,485,645,820,820/+,1002,1314,1715,1715,1715,1715,]",37,0.9875,1,,-9.70931,-0.462348,-2.83444,
131," ""1 19 5 5 22 5 11 9 11 9 11 9 26 26 26 23 23 23 21 21 21"""," [1,4,12,18,29,50,88,147,232,345,482,645,820,1002,1314,1715,1715,1715,1715,1715]"," [-0.300465,-0.326728,-0.997813,-0.00153571,-0.0441478,-0.00672026,-0.07675,-0.00316319,-0.167683,0,0,0,-0.000305951,-0.523554,0,0,-0.287682,-0.287682,-0.287682,-1.38629]"," [1,1,1,1,1,1,1,1,1,1,1,1,1,1,1,1,1,1,1,1]",0," [1,4,12,18,29,50,88,147,232,345,482,645,820,1002,1314,1715,1715,1715,1715,]",38,1,0,,-4.69821,-0.23491,-1.38629,
132," ""1 19 5 5 22 5 11 9 11 9 11 9 26 26 26 23 23 23 21 21 21"""," [1,4,12,18,29,50,88,147,232,345,482,645,820,1002,1314,1715,1715,1715,1715,1715]"," [-0.300465,-0.326728,-0.997813,-0.00153571,-0.0441478,-0.00672026,-0.07675,-0.00316319,-0.167683,0,0,0,-0.000305951,-0.523554,0,0,-0.287682,-0.287682,-0.287682,-1.38629]"," [1,1,1,1,1,1,1,1,1,1,1,1,1,1,1,1,1,1,1,1]",0," [1,4,12,18,29,50,88,147,232,345,482,645,820,1002,1314,1715,1715,1715,1715,]",38,1,0,,-4.69821,-0.23491,-1.38629,
133," ""1 19 5 22 5 5 11 9 11 9 11 9 26 26 26 23 23 23 21 21 21"""," [1,5,12,18,29,50,88,147,232,345,482,645,820,1002,1314,1715,1715,1715,1715,1715]"," [-0.300465,-1.28054,0,-0.00153571,-0.0441478,-0.00672026,-0.07675,-0.00316319,-0.167683,0,0,0,-0.000305951,-0.523554,0,0,-0.287682,-0.287682,-0.287682,-1.38629]"," [1,1,1,1,1,1,1,1,1,1,1,1,1,1,1,1,1,1,1,1]",0," [1,5,12,18,29,50,88,147,232,345,482,645,820,1002,1314,1715,1715,1715,1715,]",38,1,0,,-4.65421,-0.23271,-1.38629,
134," ""1 19 22 5 5 5 26 26 26 11 9 11 9 11 9 23 23 23 21 21 21"""," [2,7,14,24,44,81,139,222,335,472,635,809,987,820,1002,1314,1715,1715,1715,1715,1715]"," [-1.35049,-0.000795229,0,-0.00159236,-0.373318,-0.0844893,-0.172795,-0.00751318,-0.00909097,0,-0.00610689,-0.00306749,0,-inf,-0.523554,0,0,-0.287682,-0.287682,-0.287682,-1.38629]"," [1,1,1,1,1,1,1,1,1,1,1,1,1,0,1,1,1,1,1,1,1]",1," [2,7,14,24,44,81,139,222,335,472,635,809,987,987/+,987/+,987/+,1715/+|987/+,1715/+,1715,]",26,0.947368,6,, -inf, -inf, -inf,
135," ""1 13 5 5 5 22 11 9 11 9 11 9 26 26 26"""," [1,4,10,18,29,50,88,147,232,345,482,645,820,820]"," [-0.300465,-0.326728,-0.45995,0,-0.0441478,-0.00672026,-0.07675,-0.00316319,-0.167683,0,0,0,-0.000305951,-1.50576]"," [1,1,1,1,1,1,1,1,1,1,1,1,1,1]",0," [1,4,10,18,29,50,88,147,232,345,482,645,820,]",26,1,0,,-2.89168,-0.206548,-1.50576,
136," ""1 22 5 22 5 5 11 9 11 9 11 9 26 26 26 4 4 3 23 23 23 21 21 21"""," [1,5,12,18,29,50,88,147,232,345,482,645,820,820,820,820,1002,1314,1715,1715,1715,1715,1715]"," [-0.300465,-1.28054,0,-0.00153571,-0.0441478,-0.00672026,-0.07675,-0.00316319,-0.167683,0,0,0,-0.000305951,-2.81893,-2.81893,-2.77381,-0.523554,0,0,-0.287682,-0.287682,-0.287682,-1.38629]"," [1,1,1,1,1,1,1,1,1,1,1,1,1,1,1,1,1,1,1,1,1,1,1]",0," [1,5,12,18,29,50,88,147,232,345,482,645,820,820/+,820/+,820/+,1002,1314,1715,1715,1715,1715,]",35,0.965909,3,,-13.0659,-0.568082,-2.81893,
137," ""1 19 5 22 5 5 11 9 11 9 11 9 26 26 26 23 23 23 21 21 21"""," [1,5,12,18,29,50,88,147,232,345,482,645,820,1002,1314,1715,1715,1715,1715,1715]"," [-0.300465,-1.28054,0,-0.00153571,-0.0441478,-0.00672026,-0.07675,-0.00316319,-0.167683,0,0,0,-0.000305951,-0.523554,0,0,-0.287682,-0.287682,-0.287682,-1.38629]"," [1,1,1,1,1,1,1,1,1,1,1,1,1,1,1,1,1,1,1,1]",0," [1,5,12,18,29,50,88,147,232,345,482,645,820,1002,1314,1715,1715,1715,1715,]",38,1,0,,-4.65421,-0.23271,-1.38629,
138," ""1 19 5 5 5 22 11 9 11 9 11 9 26 26 26 23 23 23 21 21 21"""," [1,4,10,18,29,50,88,147,232,345,482,645,820,1002,1314,1715,1715,1715,1715,1715]"," [-0.300465,-0.326728,-0.45995,0,-0.0441478,-0.00672026,-0.07675,-0.00316319,-0.167683,0,0,0,-0.000305951,-0.523554,0,0,-0.287682,-0.287682,-0.287682,-1.38629]"," [1,1,1,1,1,1,1,1,1,1,1,1,1,1,1,1,1,1,1,1]",0," [1,4,10,18,29,50,88,147,232,345,482,645,820,1002,1314,1715,1715,1715,1715,]",38,1,0,,-4.15881,-0.20794,-1.38629,
139," ""1 19 5 22 5 5 11 9 11 9 26 26 11 9 26 23 23 23 21 21 21"""," [1,5,12,18,29,50,88,147,234,348,485,645,820,1002,1314,1715,1715,1715,1715,1715]"," [-0.300465,-1.28054,0,-0.00153571,-0.0441478,-0.00672026,-0.07675,-0.00316319,-1.89482,-0.212662,-0.236863,0,-0.000305951,-0.523554,0,0,-0.287682,-0.287682,-0.287682,-1.38629]"," [1,1,1,1,1,1,1,1,1,1,1,1,1,1,1,1,1,1,1,1]",0," [1,5,12,18,29,50,88,147,234,348,485,645,820,1002,1314,1715,1715,1715,1715,]",38,1,0,,-6.83087,-0.341544,-1.89482,
140," ""1 19 5 5 22 5 11 9 26 11 9 11 9 26 26 23 23 23 21 21 21""", [], [], [],0," [1,4,12,18,29,50,234/+,485/+|88/+,645/+|147/+,232,345,482,645,1002/+,1314,1715,1715,1715,1715,]",34,0.982456,6,0,0,0,,
141," ""1 19 22 5 5 5 11 9 11 9 11 9 26 26 26 23 23 23 21 21 21"""," [2,7,14,24,42,75,88,147,232,345,482,645,820,1002,1314,1715,1715,1715,1715,1715]"," [-1.35049,-0.000795229,0,-0.00159236,-1.2,0,-0.154151,-0.00316319,-0.167683,0,0,0,-0.000305951,-0.523554,0,0,-0.287682,-0.287682,-0.287682,-1.38629]"," [1,1,1,1,1,1,1,1,1,1,1,1,1,1,1,1,1,1,1,1]",0," [2,7,14,24,42,75,88,147,232,345,482,645,820,1002,1314,1715,1715,1715,1715,]",38,1,0,,-5.65107,-0.282553,-1.38629,
142," ""1 25 5 5 5 22 11 9 11 9 26 26 11 9 26 3 4 3 3 3 4 23 23 23 21 21 21"""," [1,4,10,18,29,50,88,147,234,348,485,645,820,820,820,820,820,820,820,1002,1314,1715,1715,1715,1715,1715]"," [-0.300465,-0.326728,-0.45995,0,-0.0441478,-0.00672026,-0.07675,-0.00316319,-1.89482,-0.212662,-0.236863,0,-0.000305951,-2.77381,-2.81893,-2.77381,-2.77381,-2.77381,-2.81893,-0.523554,0,0,-0.287682,-0.287682,-0.287682,-1.38629]"," [1,1,1,1,1,1,1,1,1,1,1,1,1,1,1,1,1,1,1,1,1,1,1,1,1,1]",0," [1,4,10,18,29,50,88,147,234,348,485,645,820,820/+,820/+,820/+,820/+,820/+,820/+,1002,1314,1715,1715,1715,1715,]",32,0.94,6,,-23.0686,-0.887254,-2.81893,
143," ""1 19 5 5 5 22 11 9 11 9 11 9 26 26 26 23 23 23 21 21 21"""," [1,4,10,18,29,50,88,147,232,345,482,645,820,1002,1314,1715,1715,1715,1715,1715]"," [-0.300465,-0.326728,-0.45995,0,-0.0441478,-0.00672026,-0.07675,-0.00316319,-0.167683,0,0,0,-0.000305951,-0.523554,0,0,-0.287682,-0.287682,-0.287682,-1.38629]"," [1,1,1,1,1,1,1,1,1,1,1,1,1,1,1,1,1,1,1,1]",0," [1,4,10,18,29,50,88,147,232,345,482,645,820,1002,1314,1715,1715,1715,1715,]",38,1,0,,-4.15881,-0.20794,-1.38629,
144," ""1 19 5 5 5 22 11 9 11 9 26 26 11 9 26 23 23 23 21 21 21"""," [1,4,10,18,29,50,88,147,234,348,485,645,820,1002,1314,1715,1715,1715,1715,1715]"," [-0.300465,-0.326728,-0.45995,0,-0.0441478,-0.00672026,-0.07675,-0.00316319,-1.89482,-0.212662,-0.236863,0,-0.000305951,-0.523554,0,0,-0.287682,-0.287682,-0.287682,-1.38629]"," [1,1,1,1,1,1,1,1,1,1,1,1,1,1,1,1,1,1,1,1]",0," [1,4,10,18,29,50,88,147,234,348,485,645,820,1002,1314,1715,1715,1715,1715,]",38,1,0,,-6.33547,-0.316773,-1.89482,
145," ""1 35 5 5 22 5 11 9 11 9 11 9 26 26 26 4 4 4 4 4 4 4 4 4 4 4 4 4 4 4 3 23 23 23 21 21 21"""," [1,4,12,18,29,50,88,147,232,345,482,645,820,820,820,820,820,820,820,820,820,820,820,820,820,820,820,820,820,1002,1314,1715,1715,1715,1715,1715]"," [-0.300465,-0.326728,-0.997813,-0.00153571,-0.0441478,-0.00672026,-0.07675,-0.00316319,-0.167683,0,0,0,-0.000305951,-2.81893,-2.81893,-2.81893,-2.81893,-2.81893,-2.81893,-2.81893,-2.81893,-2.81893,-2.81893,-2.81893,-2.81893,-2.81893,-2.81893,-2.81893,-2.77381,-0.523554,0,0,-0.287682,-0.287682,-0.287682,-1.38629]"," [1,1,1,1,1,1,1,1,1,1,1,1,1,1,1,1,1,1,1,1,1,1,1,1,1,1,1,1,1,1,1,1,1,1,1,1]",0," [1,4,12,18,29,50,88,147,232,345,482,645,820,820/+,820/+,820/+,820/+,820/+,820/+,820/+,820/+,820/+,820/+,820/+,820/+,820/+,820/+,820/+,820/+,1002,1314,1715,1715,1715,1715,]",22,0.885714,16,,-49.756,-1.38211,-2.81893,
146," ""1 33 22 5 5 5 26 26 26 11 9 11 9 11 9 3 3 4 2 4 3 3 2 3 4 3 4 3 3 23 23 23 21 21 21"""," [2,7,14,24,44,81,139,222,335,472,635,809,987,987,987,987,987,987,987,987,987,987,987,987,987,987,987,820,1002,1314,1715,1715,1715,1715,1715]"," [-1.35049,-0.000795229,0,-0.00159236,-0.373318,-0.0844893,-0.172795,-0.00751318,-0.00909097,0,-0.00610689,-0.00306749,0,-1.28001,-1.28001,-1.48808,-1.74231,-1.48808,-1.28001,-1.28001,-1.74231,-1.28001,-1.48808,-1.28001,-1.48808,-1.28001,-1.28001,-1.28001,-0.523554,0,0,-0.287682,-0.287682,-0.287682,-1.38629]"," [1,1,1,1,1,1,1,1,1,1,1,1,1,1,1,1,1,1,1,1,1,1,1,1,1,1,1,0,1,1,1,1,1,1,1]",1," [2,7,14,24,44,81,139,222,335,472,635,809,987,987/+,987/+,987/+,987/+,987/+,987/+,987/+,987/+,987/+,987/+,987/+,987/+,987/+,987/+,987/+,987/+,987/+,1715/+|987/+,1715/+,1715,]",12,0.863636,20,,-25.7392,-0.735406,-1.74231,
147," ""1 31 22 5 5 5 26 26 11 9 11 9 11 9 26 3 4 3 3 4 3 3 4 3 4 3 3 23 23 23 21 21 21"""," [2,7,14,24,44,81,81,81,81,81,348,485,645,820,820,820,820,820,820,820,820,820,820,820,820,820,1002,1314,1715,1715,1715,1715,1715]"," [-1.35049,-0.000795229,0,-0.00159236,-0.373318,-0.0844893,-1.9064,-4.59764,-1.9064,-4.59764,-4.59764,-0.236863,0,-0.000305951,-2.77381,-2.81893,-2.77381,-2.77381,-2.81893,-2.77381,-2.77381,-2.81893,-2.77381,-2.81893,-2.77381,-2.77381,-0.523554,0,0,-0.287682,-0.287682,-0.287682,-1.38629]"," [1,1,1,1,1,1,1,1,1,1,0,1,1,1,1,1,1,1,1,1,1,1,1,1,1,1,1,1,1,1,1,1,1]",1," [2,7,14,24,44,81,222/+,335,472,635,809,987,987/+,987/+,987/+,987/+,987/+,987/+,987/+,987/+,987/+,987/+,987/+,987/+,987/+,987/+,1314/+,1715,1715,1715,1715,]",18,0.88172,16,,-55.8927,-1.69372,-4.59764,
148," ""1 19 5 22 5 5 11 9 26 11 9 11 9 26 26 23 23 23 21 21 21""", [], [], [],0," [1,5,12,18,29,50,234/+,485/+|88/+,645/+|147/+,232,345,482,645,1002/+,1314,1715,1715,1715,1715,]",34,0.982456,6,0,0,0,,
149," ""1 19 22 5 5 5 11 9 11 9 11 9 26 26 26 23 23 23 21 21 21"""," [2,7,14,24,42,75,88,147,232,345,482,645,820,1002,1314,1715,1715,1715,1715,1715]"," [-1.35049,-0.000795229,0,-0.00159236,-1.2,0,-0.154151,-0.00316319,-0.167683,0,0,0,-0.000305951,-0.523554,0,0,-0.287682,-0.287682,-0.287682,-1.38629]"," [1,1,1,1,1,1,1,1,1,1,1,1,1,1,1,1,1,1,1,1]",0," [2,7,14,24,42,75,88,147,232,345,482,645,820,1002,1314,1715,1715,1715,1715,]",38,1,0,,-5.65107,-0.282553,-1.38629,
150," ""1 19 5 5 5 22 9 11 9 26 26 11 9 11 26 23 23 23 21 21 21""", [], [], [],0," [1,4,10,18,50/+,88,147,234,348,485,645,645/+,820,1002,1314,1715,1715,1715,1715,]",34,0.982456,2,0,0,0,,
151," ""1 25 5 5 5 22 11 9 11 9 11 9 26 26 26 3 4 3 4 3 3 23 23 23 21 21 21"""," [1,4,10,18,29,50,88,147,232,345,482,645,820,820,820,820,820,820,820,1002,1314,1715,1715,1715,1715,1715]"," [-0.300465,-0.326728,-0.45995,0,-0.0441478,-0.00672026,-0.07675,-0.00316319,-0.167683,0,0,0,-0.000305951,-2.77381,-2.81893,-2.77381,-2.81893,-2.77381,-2.77381,-0.523554,0,0,-0.287682,-0.287682,-0.287682,-1.38629]"," [1,1,1,1,1,1,1,1,1,1,1,1,1,1,1,1,1,1,1,1,1,1,1,1,1,1]",0," [1,4,10,18,29,50,88,147,232,345,482,645,820,820/+,820/+,820/+,820/+,820/+,820/+,1002,1314,1715,1715,1715,1715,]",32,0.94,6,,-20.8919,-0.803536,-2.81893,
152," ""1 25 22 5 5 5 26 26 26 11 9 11 9 11 9 3 3 3 3 3 3 23 23 23 21 21 21"""," [2,7,14,24,44,81,139,222,335,472,635,809,987,987,987,987,987,987,987,820,1002,1314,1715,1715,1715,1715,1715]"," [-1.35049,-0.000795229,0,-0.00159236,-0.373318,-0.0844893,-0.172795,-0.00751318,-0.00909097,0,-0.00610689,-0.00306749,0,-1.28001,-1.28001,-1.28001,-1.28001,-1.28001,-1.28001,-1.28001,-0.523554,0,0,-0.287682,-0.287682,-0.287682,-1.38629]"," [1,1,1,1,1,1,1,1,1,1,1,1,1,1,1,1,1,1,1,0,1,1,1,1,1,1,1]",1," [2,7,14,24,44,81,139,222,335,472,635,809,987,987/+,987/+,987/+,987/+,987/+,987/+,987/+,987/+,987/+,1715/+|987/+,1715/+,1715,]",20,0.9,12,,-13.7422,-0.508972,-1.38629,
153," ""1 22 5 22 5 5 11 9 11 9 11 9 26 26 26 4 3 4 23 23 23 21 21 21"""," [1,5,12,18,29,50,88,147,232,345,482,645,820,820,820,820,1002,1314,1715,1715,1715,1715,1715]"," [-0.300465,-1.28054,0,-0.00153571,-0.0441478,-0.00672026,-0.07675,-0.00316319,-0.167683,0,0,0,-0.000305951,-2.81893,-2.77381,-2.81893,-0.523554,0,0,-0.287682,-0.287682,-0.287682,-1.38629]"," [1,1,1,1,1,1,1,1,1,1,1,1,1,1,1,1,1,1,1,1,1,1,1]",0," [1,5,12,18,29,50,88,147,232,345,482,645,820,820/+,820/+,820/+,1002,1314,1715,1715,1715,1715,]",35,0.965909,3,,-13.0659,-0.568082,-2.81893,
154," ""1 25 5 5 5 22 11 9 11 9 11 9 26 26 26 3 3 4 3 4 3 23 23 23 21 21 21"""," [1,4,10,18,29,50,88,147,232,345,482,645,820,820,820,820,820,820,820,1002,1314,1715,1715,1715,1715,1715]"," [-0.300465,-0.326728,-0.45995,0,-0.0441478,-0.00672026,-0.07675,-0.00316319,-0.167683,0,0,0,-0.000305951,-2.77381,-2.77381,-2.81893,-2.77381,-2.81893,-2.77381,-0.523554,0,0,-0.287682,-0.287682,-0.287682,-1.38629]"," [1,1,1,1,1,1,1,1,1,1,1,1,1,1,1,1,1,1,1,1,1,1,1,1,1,1]",0," [1,4,10,18,29,50,88,147,232,345,482,645,820,820/+,820/+,820/+,820/+,820/+,820/+,1002,1314,1715,1715,1715,1715,]",32,0.94,6,,-20.8919,-0.803536,-2.81893,
155," ""1 25 5 5 5 22 26 26 11 9 11 9 11 9 26 3 3 4 3 3 4 23 23 23 21 21 21"""," [1,4,10,18,24,44,81,81,81,81,81,348,485,645,820,820,820,820,820,820,820,1002,1314,1715,1715,1715,1715,1715]"," [-0.300465,-0.326728,-0.45995,0,-inf,-0.373318,-0.0844893,-1.9064,-4.59764,-1.9064,-4.59764,-4.59764,-0.236863,0,-0.000305951,-2.77381,-2.77381,-2.81893,-2.77381,-2.77381,-2.81893,-0.523554,0,0,-0.287682,-0.287682,-0.287682,-1.38629]"," [1,1,1,1,0,1,1,1,1,1,1,0,1,1,1,1,1,1,1,1,1,1,1,1,1,1,1,1]",2," [1,4,10,18,18/+,348/+,485,645,88/+,147,232,345,482,482/+,482/+,482/+,482/+,482/+,482/+,1002/+,1314,1715,1715,1715,1715,]",24,0.913333,10,, -inf, -inf, -inf,
156," ""1 13 5 22 5 5 11 9 11 9 11 9 26 26 26"""," [1,5,12,18,29,50,88,147,232,345,482,645,820,820]"," [-0.300465,-1.28054,0,-0.00153571,-0.0441478,-0.00672026,-0.07675,-0.00316319,-0.167683,0,0,0,-0.000305951,-1.50576]"," [1,1,1,1,1,1,1,1,1,1,1,1,1,1]",0," [1,5,12,18,29,50,88,147,232,345,482,645,820,]",26,1,0,,-3.38708,-0.241934,-1.50576,
157," ""1 19 5 5 5 22 11 9 11 9 11 9 26 26 26 23 23 23 21 21 21"""," [1,4,10,18,29,50,88,147,232,345,482,645,820,1002,1314,1715,1715,1715,1715,1715]"," [-0.300465,-0.326728,-0.45995,0,-0.0441478,-0.00672026,-0.07675,-0.00316319,-0.167683,0,0,0,-0.000305951,-0.523554,0,0,-0.287682,-0.287682,-0.287682,-1.38629]"," [1,1,1,1,1,1,1,1,1,1,1,1,1,1,1,1,1,1,1,1]",0," [1,4,10,18,29,50,88,147,232,345,482,645,820,1002,1314,1715,1715,1715,1715,]",38,1,0,,-4.15881,-0.20794,-1.38629,
158," ""1 23 5 5 5 22 11 9 11 9 26 11 9 26 26 4 4 3 2 23 23 23 21 21 21""", [], [], [],0," [1,4,10,18,29,50,88,147,234,485/+,645,820,645/+,645/+,645/+,645/+,645/+,1002/+,1314,1715,1715,1715,1715,]",30,0.942029,7,0,0,0,,
159," ""1 13 5 22 5 5 11 9 11 9 11 9 26 26 26"""," [1,5,12,18,29,50,88,147,232,345,482,645,820,820]"," [-0.300465,-1.28054,0,-0.00153571,-0.0441478,-0.00672026,-0.07675,-0.00316319,-0.167683,0,0,0,-0.000305951,-1.50576]"," [1,1,1,1,1,1,1,1,1,1,1,1,1,1]",0," [1,5,12,18,29,50,88,147,232,345,482,645,820,]",26,1,0,,-3.38708,-0.241934,-1.50576,
160," ""1 19 5 5 22 5 11 9 11 9 11 9 26 26 26 23 23 23 21 21 21"""," [1,4,12,18,29,50,88,147,232,345,482,645,820,1002,1314,1715,1715,1715,1715,1715]"," [-0.300465,-0.326728,-0.997813,-0.00153571,-0.0441478,-0.00672026,-0.07675,-0.00316319,-0.167683,0,0,0,-0.000305951,-0.523554,0,0,-0.287682,-0.287682,-0.287682,-1.38629]"," [1,1,1,1,1,1,1,1,1,1,1,1,1,1,1,1,1,1,1,1]",0," [1,4,12,18,29,50,88,147,232,345,482,645,820,1002,1314,1715,1715,1715,1715,]",38,1,0,,-4.69821,-0.23491,-1.38629,
161," ""1 19 5 22 5 5 11 9 11 9 26 26 26 11 9 23 23 23 21 21 21"""," [1,5,12,18,29,50,88,147,234,348,24,44,635,809,987,820,1002,1314,1715,1715,1715,1715,1715]"," [-0.300465,-1.28054,0,-0.00153571,-0.0441478,-0.00672026,-0.07675,-0.00316319,-1.89482,-0.212662,-1.5791,-0.373318,-0.0844893,-0.00306749,0,-inf,-0.523554,0,0,-0.287682,-0.287682,-0.287682,-1.38629]"," [1,1,1,1,1,1,1,1,1,1,0,1,0,1,1,0,1,1,1,1,1,1,1]",3," [1,5,12,18,29,50,88,147,234,348,820/+,485/+,645,1002/+,1314,1715,1715,1715,1715,]",34,0.982456,3,, -inf, -inf, -inf,
162," ""1 19 5 5 5 22 11 9 26 11 9 11 9 26 26 23 23 23 21 21 21""", [], [], [],0," [1,4,10,18,29,50,234/+,485/+|88/+,645/+|147/+,232,345,482,645,1002/+,1314,1715,1715,1715,1715,]",34,0.982456,6,0,0,0,,
163," ""1 19 5 22 5 5 11 9 11 9 11 9 26 26 26 23 23 23 21 21 21"""," [1,5,12,18,29,50,88,147,232,345,482,645,820,1002,1314,1715,1715,1715,1715,1715]"," [-0.300465,-1.28054,0,-0.00153571,-0.0441478,-0.00672026,-0.07675,-0.00316319,-0.167683,0,0,0,-0.000305951,-0.523554,0,0,-0.287682,-0.287682,-0.287682,-1.38629]"," [1,1,1,1,1,1,1,1,1,1,1,1,1,1,1,1,1,1,1,1]",0," [1,5,12,18,29,50,88,147,232,345,482,645,820,1002,1314,1715,1715,1715,1715,]",38,1,0,,-4.65421,-0.23271,-1.38629,
164," ""1 19 22 5 5 5 11 9 11 9 11 9 26 26 26 23 23 23 21 21 21"""," [2,7,14,24,42,75,88,147,232,345,482,645,820,1002,1314,1715,1715,1715,1715,1715]"," [-1.35049,-0.000795229,0,-0.00159236,-1.2,0,-0.154151,-0.00316319,-0.167683,0,0,0,-0.000305951,-0.523554,0,0,-0.287682,-0.287682,-0.287682,-1.38629]"," [1,1,1,1,1,1,1,1,1,1,1,1,1,1,1,1,1,1,1,1]",0," [2,7,14,24,42,75,88,147,232,345,482,645,820,1002,1314,1715,1715,1715,1715,]",38,1,0,,-5.65107,-0.282553,-1.38629,
165," ""1 19 22 5 5 5 11 9 11 9 11 9 26 26 26 23 23 23 21 21 21"""," [2,7,14,24,42,75,88,147,232,345,482,645,820,1002,1314,1715,1715,1715,1715,1715]"," [-1.35049,-0.000795229,0,-0.00159236,-1.2,0,-0.154151,-0.00316319,-0.167683,0,0,0,-0.000305951,-0.523554,0,0,-0.287682,-0.287682,-0.287682,-1.38629]"," [1,1,1,1,1,1,1,1,1,1,1,1,1,1,1,1,1,1,1,1]",0," [2,7,14,24,42,75,88,147,232,345,482,645,820,1002,1314,1715,1715,1715,1715,]",38,1,0,,-5.65107,-0.282553,-1.38629,
166," ""1 19 5 5 5 22 11 9 26 11 9 11 9 26 26 23 23 23 21 21 21""", [], [], [],0," [1,4,10,18,29,50,234/+,485/+|88/+,645/+|147/+,232,345,482,645,1002/+,1314,1715,1715,1715,1715,]",34,0.982456,6,0,0,0,,
167," ""1 19 5 5 5 22 11 9 11 9 11 9 26 26 26 23 23 23 21 21 21"""," [1,4,10,18,29,50,88,147,232,345,482,645,820,1002,1314,1715,1715,1715,1715,1715]"," [-0.300465,-0.326728,-0.45995,0,-0.0441478,-0.00672026,-0.07675,-0.00316319,-0.167683,0,0,0,-0.000305951,-0.523554,0,0,-0.287682,-0.287682,-0.287682,-1.38629]"," [1,1,1,1,1,1,1,1,1,1,1,1,1,1,1,1,1,1,1,1]",0," [1,4,10,18,29,50,88,147,232,345,482,645,820,1002,1314,1715,1715,1715,1715,]",38,1,0,,-4.15881,-0.20794,-1.38629,
168," ""1 19 5 5 22 5 11 9 11 9 11 9 26 26 26 23 23 23 21 21 21"""," [1,4,12,18,29,50,88,147,232,345,482,645,820,1002,1314,1715,1715,1715,1715,1715]"," [-0.300465,-0.326728,-0.997813,-0.00153571,-0.0441478,-0.00672026,-0.07675,-0.00316319,-0.167683,0,0,0,-0.000305951,-0.523554,0,0,-0.287682,-0.287682,-0.287682,-1.38629]"," [1,1,1,1,1,1,1,1,1,1,1,1,1,1,1,1,1,1,1,1]",0," [1,4,12,18,29,50,88,147,232,345,482,645,820,1002,1314,1715,1715,1715,1715,]",38,1,0,,-4.69821,-0.23491,-1.38629,
169," ""1 19 22 5 5 5 26 26 26 11 9 11 9 11 9 23 23 23 21 21 21"""," [2,7,14,24,44,81,139,222,335,472,635,809,987,820,1002,1314,1715,1715,1715,1715,1715]"," [-1.35049,-0.000795229,0,-0.00159236,-0.373318,-0.0844893,-0.172795,-0.00751318,-0.00909097,0,-0.00610689,-0.00306749,0,-inf,-0.523554,0,0,-0.287682,-0.287682,-0.287682,-1.38629]"," [1,1,1,1,1,1,1,1,1,1,1,1,1,0,1,1,1,1,1,1,1]",1," [2,7,14,24,44,81,139,222,335,472,635,809,987,987/+,987/+,987/+,1715/+|987/+,1715/+,1715,]",26,0.947368,6,, -inf, -inf, -inf,
170," ""1 13 5 5 5 22 11 9 11 9 11 9 26 26 26"""," [1,4,10,18,29,50,88,147,232,345,482,645,820,820]"," [-0.300465,-0.326728,-0.45995,0,-0.0441478,-0.00672026,-0.07675,-0.00316319,-0.167683,0,0,0,-0.000305951,-1.50576]"," [1,1,1,1,1,1,1,1,1,1,1,1,1,1]",0," [1,4,10,18,29,50,88,147,232,345,482,645,820,]",26,1,0,,-2.89168,-0.206548,-1.50576,
171," ""1 19 5 22 5 5 11 9 11 9 11 9 26 26 26 23 23 23 21 21 21"""," [1,5,12,18,29,50,88,147,232,345,482,645,820,1002,1314,1715,1715,1715,1715,1715]"," [-0.300465,-1.28054,0,-0.00153571,-0.0441478,-0.00672026,-0.07675,-0.00316319,-0.167683,0,0,0,-0.000305951,-0.523554,0,0,-0.287682,-0.287682,-0.287682,-1.38629]"," [1,1,1,1,1,1,1,1,1,1,1,1,1,1,1,1,1,1,1,1]",0," [1,5,12,18,29,50,88,147,232,345,482,645,820,1002,1314,1715,1715,1715,1715,]",38,1,0,,-4.65421,-0.23271,-1.38629,
172," ""1 19 5 5 5 22 11 9 11 9 11 9 26 26 26 23 23 23 21 21 21"""," [1,4,10,18,29,50,88,147,232,345,482,645,820,1002,1314,1715,1715,1715,1715,1715]"," [-0.300465,-0.326728,-0.45995,0,-0.0441478,-0.00672026,-0.07675,-0.00316319,-0.167683,0,0,0,-0.000305951,-0.523554,0,0,-0.287682,-0.287682,-0.287682,-1.38629]"," [1,1,1,1,1,1,1,1,1,1,1,1,1,1,1,1,1,1,1,1]",0," [1,4,10,18,29,50,88,147,232,345,482,645,820,1002,1314,1715,1715,1715,1715,]",38,1,0,,-4.15881,-0.20794,-1.38629,
173," ""1 19 5 5 22 5 11 9 11 9 11 9 26 26 26 23 23 23 21 21 21"""," [1,4,12,18,29,50,88,147,232,345,482,645,820,1002,1314,1715,1715,1715,1715,1715]"," [-0.300465,-0.326728,-0.997813,-0.00153571,-0.0441478,-0.00672026,-0.07675,-0.00316319,-0.167683,0,0,0,-0.000305951,-0.523554,0,0,-0.287682,-0.287682,-0.287682,-1.38629]"," [1,1,1,1,1,1,1,1,1,1,1,1,1,1,1,1,1,1,1,1]",0," [1,4,12,18,29,50,88,147,232,345,482,645,820,1002,1314,1715,1715,1715,1715,]",38,1,0,,-4.69821,-0.23491,-1.38629,
174," ""1 28 22 5 5 5 26 11 9 11 9 26 26 11 9 3 3 4 3 4 3 3 3 4 23 23 23 21 21 21"""," [2,7,14,24,44,44,44,24,42,75,24,44,81,635,809,987,987,987,987,987,987,987,987,987,987,820,1002,1314,1715,1715,1715,1715,1715]"," [-1.35049,-0.000795229,0,-0.00159236,-0.373318,-2.60269,-4.96981,-4.96981,-1.2,0,-3.98898,-0.373318,-0.0844893,-0.172795,-0.00306749,0,-1.28001,-1.28001,-1.48808,-1.28001,-1.48808,-1.28001,-1.28001,-1.28001,-1.48808,-1.48808,-0.523554,0,0,-0.287682,-0.287682,-0.287682,-1.38629]"," [1,1,1,1,1,1,1,0,1,1,0,1,1,0,1,1,1,1,1,1,1,1,1,1,1,0,1,1,1,1,1,1,1]",4," [2,7,14,24,44,222/+,335,472,635,234/+,348,485,645,645/+,645/+,645/+,645/+,645/+,645/+,645/+,645/+,645/+,1002/+,1314,1715,1715,1715,1715,]",25,0.907738,12,,-36.4964,-1.10595,-4.96981,
175," ""1 19 5 5 22 5 11 9 11 9 11 9 26 26 26 23 23 23 21 21 21"""," [1,4,12,18,29,50,88,147,232,345,482,645,820,1002,1314,1715,1715,1715,1715,1715]"," [-0.300465,-0.326728,-0.997813,-0.00153571,-0.0441478,-0.00672026,-0.07675,-0.00316319,-0.167683,0,0,0,-0.000305951,-0.523554,0,0,-0.287682,-0.287682,-0.287682,-1.38629]"," [1,1,1,1,1,1,1,1,1,1,1,1,1,1,1,1,1,1,1,1]",0," [1,4,12,18,29,50,88,147,232,345,482,645,820,1002,1314,1715,1715,1715,1715,]",38,1,0,,-4.69821,-0.23491,-1.38629,
176," ""1 31 22 5 5 5 26 26 26 11 9 11 9 11 9 3 3 4 3 3 4 3 3 4 4 3 3 23 23 23 21 21 21"""," [2,7,14,24,44,81,139,222,335,472,635,809,987,987,987,987,987,987,987,987,987,987,987,987,987,820,1002,1314,1715,1715,1715,1715,1715]"," [-1.35049,-0.000795229,0,-0.00159236,-0.373318,-0.0844893,-0.172795,-0.00751318,-0.00909097,0,-0.00610689,-0.00306749,0,-1.28001,-1.28001,-1.48808,-1.28001,-1.28001,-1.48808,-1.28001,-1.28001,-1.48808,-1.48808,-1.28001,-1.28001,-1.28001,-0.523554,0,0,-0.287682,-0.287682,-0.287682,-1.38629]"," [1,1,1,1,1,1,1,1,1,1,1,1,1,1,1,1,1,1,1,1,1,1,1,1,1,0,1,1,1,1,1,1,1]",1," [2,7,14,24,44,81,139,222,335,472,635,809,987,987/+,987/+,987/+,987/+,987/+,987/+,987/+,987/+,987/+,987/+,987/+,987/+,987/+,987/+,987/+,1715/+|987/+,1715/+,1715,]",14,0.870968,18,,-22.2546,-0.674381,-1.48808,
177," ""1 28 22 5 5 5 26 26 26 11 9 11 9 11 9 3 3 4 3 3 4 3 3 4 23 23 23 21 21 21"""," [2,7,14,24,44,81,139,222,335,472,635,809,987,987,987,987,987,987,987,987,987,987,820,1002,1314,1715,1715,1715,1715,1715]"," [-1.35049,-0.000795229,0,-0.00159236,-0.373318,-0.0844893,-0.172795,-0.00751318,-0.00909097,0,-0.00610689,-0.00306749,0,-1.28001,-1.28001,-1.48808,-1.28001,-1.28001,-1.48808,-1.28001,-1.28001,-1.48808,-1.48808,-0.523554,0,0,-0.287682,-0.287682,-0.287682,-1.38629]"," [1,1,1,1,1,1,1,1,1,1,1,1,1,1,1,1,1,1,1,1,1,1,0,1,1,1,1,1,1,1]",1," [2,7,14,24,44,81,139,222,335,472,635,809,987,987/+,987/+,987/+,987/+,987/+,987/+,987/+,987/+,987/+,987/+,987/+,987/+,1715/+|987/+,1715/+,1715,]",17,0.883929,15,,-18.4145,-0.613818,-1.48808,
178," ""1 19 22 5 5 5 26 11 9 26 26 11 9 11 9 23 23 23 21 21 21"""," [2,7,14,24,44,24,42,75,24,44,81,81,81,81,809,987,820,1002,1314,1715,1715,1715,1715,1715]"," [-1.35049,-0.000795229,0,-0.00159236,-0.373318,-0.0844893,-1.2,0,-3.98898,-0.373318,-0.0844893,-1.9064,-4.59764,-1.9064,-1.9064,0,-inf,-0.523554,0,0,-0.287682,-0.287682,-0.287682,-1.38629]"," [1,1,1,1,1,0,1,1,0,1,1,1,1,1,0,1,0,1,1,1,1,1,1,1]",4," [2,7,14,24,44,222/+,335,820/+|335/+|234/+,348,485,645,472/+,635,635/+,1314/+|635/+,1715/+,1715,1715,1715,]",26,0.947368,9,, -inf, -inf, -inf,
179," ""1 19 5 5 22 5 11 9 11 9 11 9 26 26 26 23 23 23 21 21 21"""," [1,4,12,18,29,50,88,147,232,345,482,645,820,1002,1314,1715,1715,1715,1715,1715]"," [-0.300465,-0.326728,-0.997813,-0.00153571,-0.0441478,-0.00672026,-0.07675,-0.00316319,-0.167683,0,0,0,-0.000305951,-0.523554,0,0,-0.287682,-0.287682,-0.287682,-1.38629]"," [1,1,1,1,1,1,1,1,1,1,1,1,1,1,1,1,1,1,1,1]",0," [1,4,12,18,29,50,88,147,232,345,482,645,820,1002,1314,1715,1715,1715,1715,]",38,1,0,,-4.69821,-0.23491,-1.38629,
180," ""1 19 22 5 5 5 26 26 26 11 9 11 9 11 9 23 23 23 21 21 21"""," [2,7,14,24,44,81,139,222,335,472,635,809,987,820,1002,1314,1715,1715,1715,1715,1715]"," [-1.35049,-0.000795229,0,-0.00159236,-0.373318,-0.0844893,-0.172795,-0.00751318,-0.00909097,0,-0.00610689,-0.00306749,0,-inf,-0.523554,0,0,-0.287682,-0.287682,-0.287682,-1.38629]"," [1,1,1,1,1,1,1,1,1,1,1,1,1,0,1,1,1,1,1,1,1]",1," [2,7,14,24,44,81,139,222,335,472,635,809,987,987/+,987/+,987/+,1715/+|987/+,1715/+,1715,]",26,0.947368,6,, -inf, -inf, -inf,
181," ""1 22 22 5 5 5 11 9 26 26 26 11 9 11 9 4 4 3 23 23 23 21 21 21"""," [2,7,14,24,42,75,75,24,44,81,81,81,81,809,987,987,987,987,820,1002,1314,1715,1715,1715,1715,1715]"," [-1.35049,-0.000795229,0,-0.00159236,-1.2,0,-2.08475,-2.08475,-0.373318,-0.0844893,-1.9064,-4.59764,-1.9064,-1.9064,0,-1.48808,-1.48808,-1.28001,-1.28001,-0.523554,0,0,-0.287682,-0.287682,-0.287682,-1.38629]"," [1,1,1,1,1,1,1,0,1,1,1,1,1,0,1,1,1,1,0,1,1,1,1,1,1,1]",3," [2,7,14,24,42,75,234/+,348,820/+,485/+,645,472/+,635,635/+,635/+,635/+,635/+,1314/+|635/+,1715/+,1715,1715,1715,]",23,0.920455,11,,-25.8061,-0.992542,-4.59764,
182," ""1 19 5 5 5 22 11 9 11 9 11 9 26 26 26 23 23 23 21 21 21"""," [1,4,10,18,29,50,88,147,232,345,482,645,820,1002,1314,1715,1715,1715,1715,1715]"," [-0.300465,-0.326728,-0.45995,0,-0.0441478,-0.00672026,-0.07675,-0.00316319,-0.167683,0,0,0,-0.000305951,-0.523554,0,0,-0.287682,-0.287682,-0.287682,-1.38629]"," [1,1,1,1,1,1,1,1,1,1,1,1,1,1,1,1,1,1,1,1]",0," [1,4,10,18,29,50,88,147,232,345,482,645,820,1002,1314,1715,1715,1715,1715,]",38,1,0,,-4.15881,-0.20794,-1.38629,
183," ""1 19 5 22 5 5 11 9 11 9 11 9 26 26 26 23 23 23 21 21 21"""," [1,5,12,18,29,50,88,147,232,345,482,645,820,1002,1314,1715,1715,1715,1715,1715]"," [-0.300465,-1.28054,0,-0.00153571,-0.0441478,-0.00672026,-0.07675,-0.00316319,-0.167683,0,0,0,-0.000305951,-0.523554,0,0,-0.287682,-0.287682,-0.287682,-1.38629]"," [1,1,1,1,1,1,1,1,1,1,1,1,1,1,1,1,1,1,1,1]",0," [1,5,12,18,29,50,88,147,232,345,482,645,820,1002,1314,1715,1715,1715,1715,]",38,1,0,,-4.65421,-0.23271,-1.38629,
184," ""1 19 5 5 5 22 11 9 11 9 11 9 26 26 26 23 23 23 21 21 21"""," [1,4,10,18,29,50,88,147,232,345,482,645,820,1002,1314,1715,1715,1715,1715,1715]"," [-0.300465,-0.326728,-0.45995,0,-0.0441478,-0.00672026,-0.07675,-0.00316319,-0.167683,0,0,0,-0.000305951,-0.523554,0,0,-0.287682,-0.287682,-0.287682,-1.38629]"," [1,1,1,1,1,1,1,1,1,1,1,1,1,1,1,1,1,1,1,1]",0," [1,4,10,18,29,50,88,147,232,345,482,645,820,1002,1314,1715,1715,1715,1715,]",38,1,0,,-4.15881,-0.20794,-1.38629,
185," ""1 19 22 5 5 5 11 9 11 9 11 9 26 26 26 23 23 23 21 21 21"""," [2,7,14,24,42,75,88,147,232,345,482,645,820,1002,1314,1715,1715,1715,1715,1715]"," [-1.35049,-0.000795229,0,-0.00159236,-1.2,0,-0.154151,-0.00316319,-0.167683,0,0,0,-0.000305951,-0.523554,0,0,-0.287682,-0.287682,-0.287682,-1.38629]"," [1,1,1,1,1,1,1,1,1,1,1,1,1,1,1,1,1,1,1,1]",0," [2,7,14,24,42,75,88,147,232,345,482,645,820,1002,1314,1715,1715,1715,1715,]",38,1,0,,-5.65107,-0.282553,-1.38629,
186," ""1 19 5 5 22 5 11 9 11 9 11 9 26 26 26 23 23 23 21 21 21"""," [1,4,12,18,29,50,88,147,232,345,482,645,820,1002,1314,1715,1715,1715,1715,1715]"," [-0.300465,-0.326728,-0.997813,-0.00153571,-0.0441478,-0.00672026,-0.07675,-0.00316319,-0.167683,0,0,0,-0.000305951,-0.523554,0,0,-0.287682,-0.287682,-0.287682,-1.38629]"," [1,1,1,1,1,1,1,1,1,1,1,1,1,1,1,1,1,1,1,1]",0," [1,4,12,18,29,50,88,147,232,345,482,645,820,1002,1314,1715,1715,1715,1715,]",38,1,0,,-4.69821,-0.23491,-1.38629,
187," ""1 19 5 5 5 22 11 9 26 11 9 11 9 26 26 23 23 23 21 21 21""", [], [], [],0," [1,4,10,18,29,50,234/+,485/+|88/+,645/+|147/+,232,345,482,645,1002/+,1314,1715,1715,1715,1715,]",34,0.982456,6,0,0,0,,
188," ""1 19 5 5 5 22 11 9 11 9 11 9 26 26 26 23 23 23 21 21 21"""," [1,4,10,18,29,50,88,147,232,345,482,645,820,1002,1314,1715,1715,1715,1715,1715]"," [-0.300465,-0.326728,-0.45995,0,-0.0441478,-0.00672026,-0.07675,-0.00316319,-0.167683,0,0,0,-0.000305951,-0.523554,0,0,-0.287682,-0.287682,-0.287682,-1.38629]"," [1,1,1,1,1,1,1,1,1,1,1,1,1,1,1,1,1,1,1,1]",0," [1,4,10,18,29,50,88,147,232,345,482,645,820,1002,1314,1715,1715,1715,1715,]",38,1,0,,-4.15881,-0.20794,-1.38629,
189," ""1 26 5 5 5 22 11 9 11 9 11 9 26 26 26 2 3 3 4 3 4 3 23 23 23 21 21 21"""," [1,4,10,18,29,50,88,147,232,345,482,645,820,820,820,820,820,820,820,820,1002,1314,1715,1715,1715,1715,1715]"," [-0.300465,-0.326728,-0.45995,0,-0.0441478,-0.00672026,-0.07675,-0.00316319,-0.167683,0,0,0,-0.000305951,-2.83444,-2.77381,-2.77381,-2.81893,-2.77381,-2.81893,-2.77381,-0.523554,0,0,-0.287682,-0.287682,-0.287682,-1.38629]"," [1,1,1,1,1,1,1,1,1,1,1,1,1,1,1,1,1,1,1,1,1,1,1,1,1,1,1]",0," [1,4,10,18,29,50,88,147,232,345,482,645,820,820/+,820/+,820/+,820/+,820/+,820/+,820/+,1002,1314,1715,1715,1715,1715,]",31,0.932692,7,,-23.7264,-0.878754,-2.83444,
190," ""1 25 5 5 5 22 11 9 11 9 11 9 26 26 26 3 4 3 3 3 4 23 23 23 21 21 21"""," [1,4,10,18,29,50,88,147,232,345,482,645,820,820,820,820,820,820,820,1002,1314,1715,1715,1715,1715,1715]"," [-0.300465,-0.326728,-0.45995,0,-0.0441478,-0.00672026,-0.07675,-0.00316319,-0.167683,0,0,0,-0.000305951,-2.77381,-2.81893,-2.77381,-2.77381,-2.77381,-2.81893,-0.523554,0,0,-0.287682,-0.287682,-0.287682,-1.38629]"," [1,1,1,1,1,1,1,1,1,1,1,1,1,1,1,1,1,1,1,1,1,1,1,1,1,1]",0," [1,4,10,18,29,50,88,147,232,345,482,645,820,820/+,820/+,820/+,820/+,820/+,820/+,1002,1314,1715,1715,1715,1715,]",32,0.94,6,,-20.8919,-0.803536,-2.81893,
191," ""1 25 5 5 22 5 11 9 11 9 11 9 26 26 26 3 3 4 3 4 3 23 23 23 21 21 21"""," [1,4,12,18,29,50,88,147,232,345,482,645,820,820,820,820,820,820,820,1002,1314,1715,1715,1715,1715,1715]"," [-0.300465,-0.326728,-0.997813,-0.00153571,-0.0441478,-0.00672026,-0.07675,-0.00316319,-0.167683,0,0,0,-0.000305951,-2.77381,-2.77381,-2.81893,-2.77381,-2.81893,-2.77381,-0.523554,0,0,-0.287682,-0.287682,-0.287682,-1.38629]"," [1,1,1,1,1,1,1,1,1,1,1,1,1,1,1,1,1,1,1,1,1,1,1,1,1,1]",0," [1,4,12,18,29,50,88,147,232,345,482,645,820,820/+,820/+,820/+,820/+,820/+,820/+,1002,1314,1715,1715,1715,1715,]",32,0.94,6,,-21.4313,-0.824282,-2.81893,
192," ""1 13 5 5 22 5 11 9 11 9 11 9 26 26 26"""," [1,4,12,18,29,50,88,147,232,345,482,645,820,820]"," [-0.300465,-0.326728,-0.997813,-0.00153571,-0.0441478,-0.00672026,-0.07675,-0.00316319,-0.167683,0,0,0,-0.000305951,-1.50576]"," [1,1,1,1,1,1,1,1,1,1,1,1,1,1]",0," [1,4,12,18,29,50,88,147,232,345,482,645,820,]",26,1,0,,-3.43107,-0.245077,-1.50576,
193," ""1 13 5 5 22 5 11 9 11 9 11 9 26 26 26"""," [1,4,12,18,29,50,88,147,232,345,482,645,820,820]"," [-0.300465,-0.326728,-0.997813,-0.00153571,-0.0441478,-0.00672026,-0.07675,-0.00316319,-0.167683,0,0,0,-0.000305951,-1.50576]"," [1,1,1,1,1,1,1,1,1,1,1,1,1,1]",0," [1,4,12,18,29,50,88,147,232,345,482,645,820,]",26,1,0,,-3.43107,-0.245077,-1.50576,
194," ""1 23 5 5 22 5 11 9 11 9 11 9 26 26 26 4 3 4 2 23 23 23 21 21 21"""," [1,4,12,18,29,50,88,147,232,345,482,645,820,820,820,820,820,1002,1314,1715,1715,1715,1715,1715]"," [-0.300465,-0.326728,-0.997813,-0.00153571,-0.0441478,-0.00672026,-0.07675,-0.00316319,-0.167683,0,0,0,-0.000305951,-2.81893,-2.77381,-2.81893,-2.83444,-0.523554,0,0,-0.287682,-0.287682,-0.287682,-1.38629]"," [1,1,1,1,1,1,1,1,1,1,1,1,1,1,1,1,1,1,1,1,1,1,1,1]",0," [1,4,12,18,29,50,88,147,232,345,482,645,820,820/+,820/+,820/+,820/+,1002,1314,1715,1715,1715,1715,]",34,0.956522,4,,-15.9443,-0.664347,-2.83444,
195," ""1 19 22 5 5 5 11 9 11 9 11 9 26 26 26 23 23 23 21 21 21"""," [2,7,14,24,42,75,88,147,232,345,482,645,820,1002,1314,1715,1715,1715,1715,1715]"," [-1.35049,-0.000795229,0,-0.00159236,-1.2,0,-0.154151,-0.00316319,-0.167683,0,0,0,-0.000305951,-0.523554,0,0,-0.287682,-0.287682,-0.287682,-1.38629]"," [1,1,1,1,1,1,1,1,1,1,1,1,1,1,1,1,1,1,1,1]",0," [2,7,14,24,42,75,88,147,232,345,482,645,820,1002,1314,1715,1715,1715,1715,]",38,1,0,,-5.65107,-0.282553,-1.38629,
196," ""1 31 22 5 5 5 26 26 26 11 9 11 9 11 9 3 4 3 4 3 3 3 4 3 4 3 3 23 23 23 21 21 21"""," [2,7,14,24,44,81,139,222,335,472,635,809,987,987,987,987,987,987,987,987,987,987,987,987,987,820,1002,1314,1715,1715,1715,1715,1715]"," [-1.35049,-0.000795229,0,-0.00159236,-0.373318,-0.0844893,-0.172795,-0.00751318,-0.00909097,0,-0.00610689,-0.00306749,0,-1.28001,-1.48808,-1.28001,-1.48808,-1.28001,-1.28001,-1.28001,-1.48808,-1.28001,-1.48808,-1.28001,-1.28001,-1.28001,-0.523554,0,0,-0.287682,-0.287682,-0.287682,-1.38629]"," [1,1,1,1,1,1,1,1,1,1,1,1,1,1,1,1,1,1,1,1,1,1,1,1,1,0,1,1,1,1,1,1,1]",1," [2,7,14,24,44,81,139,222,335,472,635,809,987,987/+,987/+,987/+,987/+,987/+,987/+,987/+,987/+,987/+,987/+,987/+,987/+,987/+,987/+,987/+,1715/+|987/+,1715/+,1715,]",14,0.870968,18,,-22.2546,-0.674381,-1.48808,
197," ""1 13 5 22 5 5 11 9 11 9 11 9 26 26 26"""," [1,5,12,18,29,50,88,147,232,345,482,645,820,820]"," [-0.300465,-1.28054,0,-0.00153571,-0.0441478,-0.00672026,-0.07675,-0.00316319,-0.167683,0,0,0,-0.000305951,-1.50576]"," [1,1,1,1,1,1,1,1,1,1,1,1,1,1]",0," [1,5,12,18,29,50,88,147,232,345,482,645,820,]",26,1,0,,-3.38708,-0.241934,-1.50576,
198," ""1 13 5 5 22 5 11 9 11 9 11 9 26 26 26"""," [1,4,12,18,29,50,88,147,232,345,482,645,820,820]"," [-0.300465,-0.326728,-0.997813,-0.00153571,-0.0441478,-0.00672026,-0.07675,-0.00316319,-0.167683,0,0,0,-0.000305951,-1.50576]"," [1,1,1,1,1,1,1,1,1,1,1,1,1,1]",0," [1,4,12,18,29,50,88,147,232,345,482,645,820,]",26,1,0,,-3.43107,-0.245077,-1.50576,
199," ""1 13 5 5 22 5 11 9 11 9 11 9 26 26 26"""," [1,4,12,18,29,50,88,147,232,345,482,645,820,820]"," [-0.300465,-0.326728,-0.997813,-0.00153571,-0.0441478,-0.00672026,-0.07675,-0.00316319,-0.167683,0,0,0,-0.000305951,-1.50576]"," [1,1,1,1,1,1,1,1,1,1,1,1,1,1]",0," [1,4,12,18,29,50,88,147,232,345,482,645,820,]",26,1,0,,-3.43107,-0.245077,-1.50576,
